customer_id,segment,region,signup_date
C100000,Value Shopper,South,2024-08-11
C100001,Occasional,West,2024-02-12
C100002,Mainstream,Northeast,2023-11-07
C100003,Occasional,West,2023-07-11
C100004,Mainstream,Northeast,2025-03-12
C100005,Occasional,West,2023-01-27
C100006,Mainstream,Midwest,2023-01-03
C100007,Value Shopper,Midwest,2023-05-29
C100008,Occasional,South,2025-02-17
C100009,Value Shopper,West,2025-02-24
C100010,Mainstream,Northeast,2024-05-28
C100011,Occasional,Midwest,2024-12-03
C100012,Occasional,West,2023-05-26
C100013,Mainstream,Midwest,2025-02-18
C100014,Mainstream,Northeast,2023-03-27
C100015,Mainstream,Midwest,2023-02-20
C100016,Value Shopper,Midwest,2023-03-02
C100017,Mainstream,West,2024-03-21
C100018,Premium,South,2024-09-11
C100019,Premium,South,2023-10-01
C100020,Premium,West,2025-02-23
C100021,Premium,Midwest,2023-11-27
C100022,Value Shopper,Northeast,2023-04-03
C100023,Mainstream,Northeast,2023-12-23
C100024,Value Shopper,Midwest,2024-06-18
C100025,Mainstream,Northeast,2024-10-24
C100026,Mainstream,West,2023-12-17
C100027,Occasional,South,2024-04-07
C100028,Mainstream,Northeast,2023-07-10
C100029,Value Shopper,South,2024-05-21
C100030,Value Shopper,South,2025-03-02
C100031,Premium,West,2023-01-08
C100032,Mainstream,West,2024-12-08
C100033,Value Shopper,South,2024-03-12
C100034,Value Shopper,South,2023-06-27
C100035,Premium,South,2025-02-04
C100036,Value Shopper,South,2024-01-06
C100037,Occasional,Northeast,2023-09-01
C100038,Premium,Northeast,2023-04-29
C100039,Value Shopper,South,2023-06-20
C100040,Value Shopper,Northeast,2024-10-24
C100041,Occasional,Northeast,2024-04-24
C100042,Mainstream,South,2024-12-31
C100043,Mainstream,Northeast,2023-06-10
C100044,Occasional,South,2023-03-09
C100045,Occasional,South,2022-12-03
C100046,Occasional,West,2024-01-26
C100047,Premium,Midwest,2025-03-12
C100048,Mainstream,Northeast,2024-07-01
C100049,Value Shopper,South,2023-08-13
C100050,Premium,West,2024-11-30
C100051,Mainstream,West,2024-09-12
C100052,Mainstream,Midwest,2022-12-10
C100053,Occasional,Midwest,2024-10-11
C100054,Value Shopper,West,2023-08-06
C100055,Mainstream,Northeast,2023-04-02
C100056,Value Shopper,South,2023-06-05
C100057,Mainstream,Midwest,2023-12-25
C100058,Value Shopper,Northeast,2023-11-19
C100059,Value Shopper,Midwest,2023-07-28
C100060,Value Shopper,Northeast,2023-04-21
C100061,Mainstream,South,2024-08-26
C100062,Premium,West,2025-03-05
C100063,Mainstream,Northeast,2024-09-08
C100064,Occasional,West,2023-08-02
C100065,Mainstream,Northeast,2023-06-21
C100066,Value Shopper,South,2023-05-29
C100067,Occasional,Northeast,2023-03-22
C100068,Value Shopper,West,2024-03-03
C100069,Occasional,South,2024-04-17
C100070,Value Shopper,South,2024-07-10
C100071,Occasional,West,2024-06-19
C100072,Value Shopper,South,2023-07-30
C100073,Occasional,West,2023-08-31
C100074,Mainstream,South,2024-06-20
C100075,Occasional,West,2023-09-16
C100076,Value Shopper,South,2023-05-25
C100077,Mainstream,Northeast,2023-10-07
C100078,Occasional,South,2023-07-14
C100079,Mainstream,Northeast,2023-02-10
C100080,Mainstream,South,2024-10-22
C100081,Premium,Midwest,2024-11-10
C100082,Mainstream,South,2023-05-31
C100083,Mainstream,Northeast,2023-01-21
C100084,Mainstream,Northeast,2024-08-07
C100085,Occasional,Midwest,2023-05-24
C100086,Value Shopper,West,2023-10-23
C100087,Value Shopper,Midwest,2023-01-20
C100088,Occasional,Midwest,2023-06-05
C100089,Occasional,South,2024-09-21
C100090,Mainstream,South,2024-10-01
C100091,Mainstream,Midwest,2023-05-20
C100092,Value Shopper,Midwest,2023-09-05
C100093,Value Shopper,Northeast,2023-03-20
C100094,Mainstream,West,2023-01-29
C100095,Mainstream,Northeast,2025-03-07
C100096,Mainstream,Midwest,2024-05-29
C100097,Value Shopper,Northeast,2024-02-24
C100098,Occasional,Northeast,2024-08-29
C100099,Occasional,South,2024-10-30
C100100,Premium,Northeast,2024-10-03
C100101,Mainstream,Northeast,2022-12-11
C100102,Mainstream,Midwest,2023-05-03
C100103,Occasional,Northeast,2024-05-28
C100104,Premium,Northeast,2023-10-08
C100105,Value Shopper,West,2025-02-27
C100106,Occasional,South,2024-06-06
C100107,Occasional,West,2025-02-05
C100108,Occasional,West,2023-05-15
C100109,Premium,South,2024-11-19
C100110,Mainstream,Northeast,2023-08-24
C100111,Mainstream,South,2025-03-05
C100112,Occasional,West,2023-04-09
C100113,Occasional,South,2024-02-02
C100114,Value Shopper,South,2024-09-21
C100115,Value Shopper,Northeast,2023-11-25
C100116,Mainstream,West,2023-12-25
C100117,Occasional,South,2025-03-02
C100118,Occasional,West,2023-11-19
C100119,Value Shopper,Northeast,2024-04-16
C100120,Mainstream,Northeast,2023-01-12
C100121,Mainstream,Northeast,2024-11-01
C100122,Occasional,South,2024-05-23
C100123,Occasional,Northeast,2023-11-01
C100124,Occasional,Northeast,2022-12-11
C100125,Mainstream,West,2024-04-05
C100126,Mainstream,Northeast,2022-12-08
C100127,Value Shopper,West,2022-11-29
C100128,Value Shopper,Midwest,2024-04-26
C100129,Occasional,West,2023-05-05
C100130,Occasional,South,2023-05-07
C100131,Occasional,West,2024-05-27
C100132,Occasional,West,2023-01-11
C100133,Mainstream,Northeast,2023-08-17
C100134,Premium,Northeast,2023-04-02
C100135,Occasional,Northeast,2024-03-27
C100136,Occasional,South,2024-06-03
C100137,Value Shopper,West,2024-07-23
C100138,Mainstream,Midwest,2023-06-29
C100139,Value Shopper,South,2023-02-10
C100140,Occasional,Northeast,2023-02-01
C100141,Mainstream,West,2023-11-20
C100142,Value Shopper,West,2025-01-27
C100143,Premium,Northeast,2023-05-29
C100144,Mainstream,Midwest,2023-07-01
C100145,Mainstream,Northeast,2023-02-20
C100146,Value Shopper,South,2024-04-17
C100147,Premium,South,2024-06-18
C100148,Mainstream,Northeast,2024-05-18
C100149,Premium,Midwest,2024-11-17
C100150,Mainstream,Midwest,2024-01-08
C100151,Occasional,South,2023-03-20
C100152,Mainstream,South,2023-07-28
C100153,Mainstream,Northeast,2024-06-04
C100154,Occasional,South,2024-04-23
C100155,Mainstream,South,2024-02-14
C100156,Value Shopper,Midwest,2024-06-21
C100157,Value Shopper,Northeast,2024-05-14
C100158,Premium,South,2024-12-04
C100159,Mainstream,West,2024-04-01
C100160,Premium,Northeast,2024-09-09
C100161,Value Shopper,Midwest,2023-06-24
C100162,Value Shopper,Northeast,2024-06-17
C100163,Value Shopper,South,2024-12-22
C100164,Mainstream,Northeast,2023-10-17
C100165,Mainstream,Midwest,2024-09-09
C100166,Mainstream,South,2024-07-26
C100167,Mainstream,South,2023-01-16
C100168,Occasional,Midwest,2024-03-28
C100169,Mainstream,Midwest,2023-03-17
C100170,Mainstream,South,2025-02-14
C100171,Premium,Northeast,2024-10-06
C100172,Mainstream,Northeast,2023-02-27
C100173,Mainstream,West,2023-03-10
C100174,Occasional,Northeast,2024-04-08
C100175,Occasional,South,2023-09-13
C100176,Value Shopper,West,2022-12-27
C100177,Occasional,Northeast,2024-02-23
C100178,Mainstream,Midwest,2023-10-19
C100179,Value Shopper,South,2023-02-20
C100180,Mainstream,West,2024-09-29
C100181,Occasional,West,2025-01-01
C100182,Mainstream,South,2024-08-22
C100183,Mainstream,Northeast,2024-10-16
C100184,Mainstream,South,2023-05-28
C100185,Value Shopper,Midwest,2023-07-06
C100186,Value Shopper,Midwest,2023-05-21
C100187,Value Shopper,Northeast,2024-08-29
C100188,Value Shopper,Northeast,2025-01-29
C100189,Value Shopper,South,2024-07-19
C100190,Value Shopper,Midwest,2024-12-04
C100191,Mainstream,Midwest,2024-05-15
C100192,Value Shopper,Midwest,2023-10-18
C100193,Mainstream,West,2023-11-19
C100194,Occasional,South,2023-01-30
C100195,Mainstream,Northeast,2022-12-24
C100196,Premium,Northeast,2024-07-01
C100197,Value Shopper,Northeast,2023-11-30
C100198,Value Shopper,West,2024-03-03
C100199,Value Shopper,South,2024-03-08
C100200,Value Shopper,South,2023-07-18
C100201,Value Shopper,South,2023-12-31
C100202,Value Shopper,Midwest,2023-12-27
C100203,Value Shopper,West,2023-10-19
C100204,Value Shopper,South,2024-10-14
C100205,Mainstream,Northeast,2023-12-11
C100206,Value Shopper,Northeast,2024-04-15
C100207,Mainstream,South,2024-12-16
C100208,Mainstream,West,2024-11-21
C100209,Premium,Midwest,2024-12-12
C100210,Value Shopper,West,2023-07-12
C100211,Premium,South,2022-12-27
C100212,Mainstream,Northeast,2023-07-04
C100213,Value Shopper,Northeast,2023-07-19
C100214,Occasional,Northeast,2024-12-28
C100215,Occasional,South,2024-05-24
C100216,Value Shopper,Northeast,2023-02-04
C100217,Value Shopper,Midwest,2023-03-21
C100218,Occasional,South,2023-04-07
C100219,Premium,South,2024-05-08
C100220,Value Shopper,Northeast,2024-08-04
C100221,Value Shopper,Midwest,2024-11-16
C100222,Mainstream,Midwest,2025-01-23
C100223,Mainstream,South,2023-05-16
C100224,Mainstream,West,2023-08-14
C100225,Mainstream,Northeast,2023-06-17
C100226,Mainstream,West,2023-09-24
C100227,Premium,South,2025-01-01
C100228,Value Shopper,South,2024-03-22
C100229,Value Shopper,South,2024-08-06
C100230,Premium,Midwest,2024-01-11
C100231,Occasional,Northeast,2022-12-22
C100232,Mainstream,South,2023-01-20
C100233,Mainstream,South,2024-02-20
C100234,Value Shopper,South,2024-07-21
C100235,Mainstream,Midwest,2023-05-27
C100236,Mainstream,West,2024-07-23
C100237,Value Shopper,South,2024-10-06
C100238,Value Shopper,Northeast,2023-11-08
C100239,Mainstream,Midwest,2024-08-13
C100240,Value Shopper,South,2023-11-01
C100241,Mainstream,South,2024-06-17
C100242,Value Shopper,Midwest,2024-08-28
C100243,Mainstream,West,2025-03-07
C100244,Value Shopper,Northeast,2023-09-13
C100245,Occasional,Midwest,2023-11-07
C100246,Mainstream,West,2023-04-15
C100247,Premium,West,2023-05-18
C100248,Premium,South,2024-06-30
C100249,Mainstream,West,2025-01-03
C100250,Value Shopper,Northeast,2023-10-24
C100251,Mainstream,West,2023-04-27
C100252,Mainstream,Midwest,2023-07-24
C100253,Premium,Northeast,2023-12-14
C100254,Mainstream,Northeast,2023-07-29
C100255,Value Shopper,Midwest,2023-06-11
C100256,Value Shopper,Northeast,2024-08-04
C100257,Mainstream,Midwest,2022-12-04
C100258,Mainstream,Northeast,2024-02-21
C100259,Mainstream,Midwest,2024-09-22
C100260,Mainstream,South,2023-07-09
C100261,Occasional,Midwest,2024-04-15
C100262,Mainstream,Midwest,2024-06-09
C100263,Value Shopper,South,2024-05-28
C100264,Value Shopper,West,2023-12-06
C100265,Value Shopper,South,2023-09-14
C100266,Value Shopper,Midwest,2024-10-27
C100267,Value Shopper,South,2024-08-23
C100268,Value Shopper,Northeast,2023-08-24
C100269,Value Shopper,Northeast,2023-02-22
C100270,Value Shopper,Midwest,2023-01-27
C100271,Occasional,West,2023-02-15
C100272,Value Shopper,Northeast,2024-03-29
C100273,Mainstream,Northeast,2023-01-10
C100274,Mainstream,Northeast,2023-09-06
C100275,Occasional,West,2024-08-19
C100276,Value Shopper,South,2023-08-01
C100277,Mainstream,Northeast,2024-08-27
C100278,Occasional,South,2024-08-12
C100279,Occasional,South,2023-06-22
C100280,Occasional,South,2024-07-29
C100281,Value Shopper,Northeast,2024-08-14
C100282,Value Shopper,West,2023-10-27
C100283,Premium,Midwest,2023-05-23
C100284,Occasional,South,2024-02-06
C100285,Mainstream,Northeast,2025-01-07
C100286,Mainstream,Midwest,2024-05-15
C100287,Value Shopper,Midwest,2023-04-21
C100288,Premium,South,2024-06-21
C100289,Value Shopper,Northeast,2023-11-20
C100290,Mainstream,South,2024-04-05
C100291,Mainstream,Northeast,2024-08-03
C100292,Mainstream,South,2024-02-01
C100293,Value Shopper,West,2024-10-09
C100294,Value Shopper,South,2024-07-24
C100295,Mainstream,South,2024-04-25
C100296,Value Shopper,South,2023-04-03
C100297,Mainstream,Midwest,2024-10-27
C100298,Value Shopper,West,2025-01-19
C100299,Mainstream,Midwest,2023-03-22
C100300,Mainstream,South,2024-01-10
C100301,Value Shopper,South,2023-07-02
C100302,Mainstream,Midwest,2024-08-20
C100303,Value Shopper,Midwest,2024-07-23
C100304,Value Shopper,Midwest,2023-03-26
C100305,Occasional,West,2024-11-30
C100306,Mainstream,West,2023-04-28
C100307,Occasional,South,2024-09-25
C100308,Value Shopper,South,2023-12-15
C100309,Premium,West,2023-08-30
C100310,Premium,Northeast,2023-04-09
C100311,Mainstream,Northeast,2023-04-17
C100312,Mainstream,South,2024-06-03
C100313,Mainstream,West,2024-03-02
C100314,Mainstream,West,2023-03-10
C100315,Occasional,Midwest,2023-03-02
C100316,Occasional,Northeast,2023-01-27
C100317,Occasional,Midwest,2024-08-11
C100318,Value Shopper,Northeast,2024-07-15
C100319,Premium,Midwest,2023-01-15
C100320,Occasional,South,2024-03-10
C100321,Value Shopper,Northeast,2023-02-06
C100322,Value Shopper,West,2024-12-23
C100323,Premium,Midwest,2024-12-26
C100324,Mainstream,South,2024-07-04
C100325,Occasional,Northeast,2025-01-11
C100326,Value Shopper,Midwest,2024-10-06
C100327,Premium,Northeast,2024-10-21
C100328,Value Shopper,West,2024-03-18
C100329,Value Shopper,West,2023-08-11
C100330,Value Shopper,Midwest,2023-05-29
C100331,Occasional,Northeast,2023-08-29
C100332,Premium,West,2024-05-06
C100333,Mainstream,Midwest,2023-04-21
C100334,Mainstream,Northeast,2023-07-02
C100335,Occasional,South,2023-12-25
C100336,Mainstream,West,2023-06-11
C100337,Occasional,Northeast,2024-04-03
C100338,Mainstream,Northeast,2025-01-08
C100339,Mainstream,West,2024-08-14
C100340,Mainstream,Northeast,2024-06-07
C100341,Mainstream,Northeast,2024-03-29
C100342,Premium,South,2024-01-09
C100343,Mainstream,West,2023-05-03
C100344,Value Shopper,Midwest,2024-12-15
C100345,Occasional,West,2023-06-24
C100346,Mainstream,South,2023-02-12
C100347,Mainstream,Northeast,2024-08-16
C100348,Occasional,West,2023-04-24
C100349,Mainstream,Midwest,2023-10-05
C100350,Value Shopper,Midwest,2022-12-21
C100351,Occasional,South,2023-03-22
C100352,Mainstream,Midwest,2023-04-22
C100353,Mainstream,Northeast,2023-01-12
C100354,Value Shopper,Northeast,2024-05-30
C100355,Premium,Midwest,2024-10-28
C100356,Mainstream,West,2023-10-06
C100357,Mainstream,South,2024-11-28
C100358,Occasional,West,2023-05-25
C100359,Premium,Midwest,2023-08-27
C100360,Value Shopper,Midwest,2023-04-03
C100361,Mainstream,Northeast,2024-04-30
C100362,Value Shopper,Northeast,2023-11-14
C100363,Premium,Midwest,2024-04-23
C100364,Value Shopper,South,2024-08-26
C100365,Mainstream,West,2024-02-27
C100366,Premium,West,2024-05-05
C100367,Occasional,Northeast,2025-01-18
C100368,Mainstream,West,2023-08-05
C100369,Occasional,Midwest,2023-09-24
C100370,Value Shopper,Northeast,2024-07-20
C100371,Occasional,West,2024-04-22
C100372,Value Shopper,South,2023-04-26
C100373,Mainstream,Northeast,2023-10-09
C100374,Premium,Midwest,2023-12-25
C100375,Value Shopper,Midwest,2023-11-14
C100376,Value Shopper,South,2023-04-26
C100377,Premium,Midwest,2025-01-09
C100378,Premium,West,2024-08-26
C100379,Mainstream,Northeast,2024-01-04
C100380,Premium,Midwest,2024-06-18
C100381,Mainstream,Midwest,2024-12-17
C100382,Value Shopper,South,2023-03-22
C100383,Mainstream,Midwest,2023-06-25
C100384,Value Shopper,South,2024-02-24
C100385,Occasional,West,2024-09-26
C100386,Mainstream,West,2022-12-28
C100387,Mainstream,West,2025-02-28
C100388,Mainstream,West,2023-12-14
C100389,Occasional,South,2023-09-25
C100390,Value Shopper,West,2023-07-31
C100391,Mainstream,Midwest,2023-04-23
C100392,Mainstream,Midwest,2024-09-20
C100393,Mainstream,Midwest,2025-02-04
C100394,Value Shopper,Midwest,2023-11-09
C100395,Occasional,Midwest,2025-02-02
C100396,Occasional,West,2024-10-17
C100397,Mainstream,Midwest,2024-01-04
C100398,Premium,Northeast,2024-06-13
C100399,Occasional,South,2023-11-27
C100400,Premium,Northeast,2024-03-09
C100401,Value Shopper,Northeast,2023-01-15
C100402,Mainstream,Northeast,2024-07-02
C100403,Mainstream,Midwest,2023-01-11
C100404,Mainstream,Midwest,2024-10-11
C100405,Premium,South,2024-10-18
C100406,Occasional,South,2023-06-14
C100407,Occasional,Midwest,2023-08-26
C100408,Mainstream,Midwest,2024-01-04
C100409,Value Shopper,Midwest,2024-04-10
C100410,Occasional,South,2023-07-26
C100411,Occasional,Northeast,2024-04-06
C100412,Value Shopper,Northeast,2023-08-04
C100413,Occasional,South,2023-01-13
C100414,Occasional,Midwest,2022-11-30
C100415,Mainstream,Northeast,2023-02-20
C100416,Mainstream,Northeast,2024-09-20
C100417,Mainstream,West,2025-02-09
C100418,Value Shopper,West,2023-11-20
C100419,Mainstream,South,2024-01-30
C100420,Occasional,Midwest,2023-03-31
C100421,Value Shopper,South,2024-03-02
C100422,Mainstream,West,2023-03-29
C100423,Mainstream,West,2024-04-22
C100424,Mainstream,Northeast,2025-01-17
C100425,Occasional,West,2023-05-10
C100426,Mainstream,Northeast,2024-08-28
C100427,Mainstream,Northeast,2022-12-17
C100428,Premium,South,2023-10-08
C100429,Mainstream,Midwest,2023-02-28
C100430,Value Shopper,West,2023-09-19
C100431,Mainstream,Northeast,2023-04-22
C100432,Value Shopper,South,2023-10-06
C100433,Value Shopper,West,2023-11-12
C100434,Mainstream,West,2023-08-06
C100435,Mainstream,Northeast,2024-05-30
C100436,Occasional,Midwest,2025-01-04
C100437,Mainstream,South,2023-10-29
C100438,Mainstream,Northeast,2023-05-08
C100439,Mainstream,West,2023-07-12
C100440,Value Shopper,West,2024-11-11
C100441,Premium,Northeast,2024-03-20
C100442,Value Shopper,Northeast,2023-12-14
C100443,Occasional,Northeast,2023-04-02
C100444,Value Shopper,West,2023-12-09
C100445,Mainstream,Northeast,2023-07-19
C100446,Value Shopper,Midwest,2025-01-25
C100447,Occasional,Midwest,2024-12-06
C100448,Mainstream,South,2023-02-06
C100449,Mainstream,Northeast,2024-02-02
C100450,Value Shopper,Northeast,2023-06-04
C100451,Premium,West,2023-11-07
C100452,Value Shopper,West,2024-11-30
C100453,Occasional,South,2024-02-12
C100454,Value Shopper,Northeast,2023-09-04
C100455,Value Shopper,Midwest,2023-05-21
C100456,Value Shopper,South,2024-09-27
C100457,Mainstream,Northeast,2024-05-03
C100458,Mainstream,West,2023-12-25
C100459,Value Shopper,South,2023-05-29
C100460,Premium,Northeast,2023-09-04
C100461,Mainstream,West,2025-02-08
C100462,Mainstream,West,2024-02-05
C100463,Mainstream,Northeast,2023-10-29
C100464,Mainstream,South,2024-02-06
C100465,Mainstream,Midwest,2024-09-09
C100466,Value Shopper,Midwest,2023-09-09
C100467,Value Shopper,Northeast,2023-04-26
C100468,Occasional,South,2024-03-31
C100469,Occasional,West,2024-06-06
C100470,Mainstream,South,2024-07-16
C100471,Value Shopper,Northeast,2024-12-05
C100472,Mainstream,South,2023-10-05
C100473,Mainstream,Midwest,2023-01-30
C100474,Value Shopper,West,2025-02-07
C100475,Value Shopper,Midwest,2023-11-27
C100476,Premium,Northeast,2024-05-02
C100477,Premium,Northeast,2024-06-07
C100478,Value Shopper,South,2024-02-27
C100479,Value Shopper,Northeast,2023-05-19
C100480,Value Shopper,South,2024-08-20
C100481,Premium,Northeast,2024-09-30
C100482,Value Shopper,Midwest,2024-03-04
C100483,Value Shopper,Midwest,2024-01-10
C100484,Premium,West,2023-03-03
C100485,Value Shopper,West,2023-02-06
C100486,Premium,Northeast,2023-09-08
C100487,Value Shopper,Midwest,2023-08-15
C100488,Value Shopper,Northeast,2025-02-03
C100489,Value Shopper,South,2024-09-13
C100490,Premium,Midwest,2024-06-02
C100491,Occasional,West,2024-02-03
C100492,Occasional,West,2023-04-17
C100493,Mainstream,Midwest,2025-02-23
C100494,Premium,Midwest,2023-10-08
C100495,Value Shopper,West,2023-02-25
C100496,Value Shopper,West,2024-01-14
C100497,Occasional,Northeast,2024-11-28
C100498,Value Shopper,Midwest,2024-12-09
C100499,Value Shopper,Midwest,2022-12-07
C100500,Value Shopper,Northeast,2024-12-08
C100501,Value Shopper,Northeast,2023-07-13
C100502,Value Shopper,Northeast,2022-12-30
C100503,Mainstream,South,2024-11-06
C100504,Mainstream,Northeast,2024-11-19
C100505,Occasional,Northeast,2024-04-09
C100506,Occasional,Northeast,2024-03-22
C100507,Mainstream,West,2024-10-08
C100508,Value Shopper,West,2024-09-15
C100509,Mainstream,Midwest,2024-12-11
C100510,Mainstream,Midwest,2024-03-04
C100511,Value Shopper,West,2025-02-14
C100512,Mainstream,Northeast,2025-03-10
C100513,Mainstream,Northeast,2023-03-05
C100514,Mainstream,Midwest,2024-11-07
C100515,Mainstream,Northeast,2024-01-19
C100516,Value Shopper,Midwest,2023-10-18
C100517,Occasional,West,2024-04-23
C100518,Premium,South,2023-01-13
C100519,Value Shopper,Midwest,2024-01-25
C100520,Occasional,West,2024-11-25
C100521,Mainstream,Northeast,2023-05-25
C100522,Occasional,Northeast,2023-11-20
C100523,Premium,South,2025-01-22
C100524,Mainstream,South,2023-11-22
C100525,Value Shopper,Northeast,2023-09-24
C100526,Value Shopper,Midwest,2023-12-02
C100527,Mainstream,South,2024-02-05
C100528,Mainstream,South,2024-05-09
C100529,Value Shopper,South,2024-09-27
C100530,Value Shopper,Midwest,2023-12-11
C100531,Occasional,Northeast,2024-10-12
C100532,Occasional,Midwest,2024-02-17
C100533,Mainstream,Northeast,2023-09-07
C100534,Value Shopper,West,2024-05-31
C100535,Value Shopper,Midwest,2024-07-20
C100536,Value Shopper,Midwest,2024-03-08
C100537,Occasional,South,2023-01-14
C100538,Value Shopper,Midwest,2023-04-19
C100539,Mainstream,Midwest,2023-07-25
C100540,Value Shopper,West,2023-07-22
C100541,Mainstream,West,2024-06-13
C100542,Premium,South,2022-12-13
C100543,Occasional,Northeast,2024-08-21
C100544,Value Shopper,South,2023-07-08
C100545,Value Shopper,South,2023-08-14
C100546,Value Shopper,Northeast,2024-02-12
C100547,Occasional,Northeast,2023-05-27
C100548,Occasional,West,2024-12-07
C100549,Mainstream,Northeast,2023-02-07
C100550,Mainstream,South,2023-12-05
C100551,Premium,Midwest,2024-11-07
C100552,Value Shopper,Midwest,2024-04-26
C100553,Occasional,Northeast,2023-07-30
C100554,Mainstream,West,2023-11-15
C100555,Mainstream,Midwest,2024-07-11
C100556,Mainstream,South,2025-02-19
C100557,Value Shopper,South,2024-12-14
C100558,Value Shopper,South,2023-09-10
C100559,Premium,West,2025-03-12
C100560,Value Shopper,South,2022-11-30
C100561,Mainstream,Midwest,2022-12-21
C100562,Value Shopper,West,2024-10-17
C100563,Mainstream,South,2023-05-14
C100564,Value Shopper,Midwest,2023-01-17
C100565,Mainstream,Northeast,2023-06-14
C100566,Premium,West,2023-11-20
C100567,Value Shopper,Midwest,2024-07-31
C100568,Mainstream,South,2024-05-03
C100569,Mainstream,Midwest,2023-06-15
C100570,Premium,Northeast,2024-01-22
C100571,Occasional,South,2025-01-11
C100572,Premium,Northeast,2024-10-09
C100573,Value Shopper,Midwest,2023-08-25
C100574,Value Shopper,South,2025-02-27
C100575,Value Shopper,Midwest,2024-07-12
C100576,Mainstream,South,2023-01-19
C100577,Value Shopper,West,2022-12-27
C100578,Mainstream,South,2023-04-18
C100579,Mainstream,Northeast,2024-07-28
C100580,Mainstream,Northeast,2023-04-30
C100581,Premium,South,2024-01-29
C100582,Value Shopper,West,2023-02-14
C100583,Value Shopper,West,2025-01-06
C100584,Premium,West,2023-09-12
C100585,Mainstream,Midwest,2024-12-27
C100586,Premium,Midwest,2025-01-26
C100587,Mainstream,Midwest,2022-12-03
C100588,Value Shopper,Northeast,2023-12-21
C100589,Occasional,Northeast,2022-12-18
C100590,Premium,West,2024-12-27
C100591,Premium,Northeast,2024-02-04
C100592,Value Shopper,Northeast,2023-01-29
C100593,Mainstream,Northeast,2023-02-28
C100594,Mainstream,West,2023-10-15
C100595,Value Shopper,South,2025-01-22
C100596,Occasional,South,2024-06-29
C100597,Value Shopper,West,2024-11-23
C100598,Occasional,Midwest,2023-10-01
C100599,Mainstream,South,2023-01-03
C100600,Value Shopper,Northeast,2025-02-20
C100601,Mainstream,Northeast,2022-12-12
C100602,Occasional,West,2025-01-29
C100603,Premium,South,2023-10-02
C100604,Occasional,Midwest,2022-12-06
C100605,Premium,Midwest,2024-06-26
C100606,Premium,South,2025-02-25
C100607,Occasional,Northeast,2025-02-13
C100608,Value Shopper,Northeast,2023-04-11
C100609,Mainstream,Northeast,2023-04-28
C100610,Value Shopper,Northeast,2024-03-14
C100611,Occasional,West,2024-05-14
C100612,Occasional,Northeast,2024-08-07
C100613,Value Shopper,Northeast,2023-04-28
C100614,Premium,South,2025-02-07
C100615,Occasional,West,2024-05-15
C100616,Value Shopper,Northeast,2024-11-05
C100617,Mainstream,Northeast,2024-02-22
C100618,Occasional,Midwest,2023-11-10
C100619,Value Shopper,South,2025-02-22
C100620,Premium,South,2024-03-28
C100621,Value Shopper,West,2024-11-22
C100622,Occasional,West,2025-02-02
C100623,Occasional,South,2024-06-14
C100624,Occasional,South,2024-03-01
C100625,Mainstream,Midwest,2022-11-30
C100626,Occasional,Northeast,2022-12-31
C100627,Occasional,West,2023-05-15
C100628,Mainstream,Midwest,2023-05-02
C100629,Occasional,Northeast,2023-06-29
C100630,Value Shopper,South,2023-08-10
C100631,Mainstream,Midwest,2023-09-25
C100632,Value Shopper,South,2023-11-15
C100633,Value Shopper,South,2023-02-18
C100634,Value Shopper,Midwest,2023-01-02
C100635,Premium,West,2024-06-13
C100636,Mainstream,Northeast,2024-02-20
C100637,Premium,Midwest,2023-12-05
C100638,Value Shopper,South,2024-05-11
C100639,Mainstream,South,2024-10-20
C100640,Mainstream,South,2023-11-21
C100641,Premium,Midwest,2024-05-17
C100642,Mainstream,South,2025-02-03
C100643,Mainstream,Northeast,2024-10-30
C100644,Occasional,West,2023-11-19
C100645,Mainstream,Midwest,2024-05-20
C100646,Value Shopper,South,2023-04-25
C100647,Value Shopper,Northeast,2024-03-10
C100648,Occasional,Northeast,2025-02-26
C100649,Value Shopper,Midwest,2024-02-04
C100650,Occasional,West,2025-01-12
C100651,Mainstream,South,2023-11-04
C100652,Occasional,West,2025-03-13
C100653,Premium,Midwest,2024-03-26
C100654,Occasional,Midwest,2023-01-02
C100655,Mainstream,Northeast,2024-04-01
C100656,Premium,West,2023-07-16
C100657,Mainstream,Northeast,2022-12-25
C100658,Mainstream,West,2024-10-14
C100659,Mainstream,West,2023-07-17
C100660,Occasional,West,2024-09-24
C100661,Occasional,South,2023-07-27
C100662,Premium,South,2023-05-09
C100663,Mainstream,South,2025-02-20
C100664,Mainstream,Northeast,2023-09-27
C100665,Premium,South,2024-04-13
C100666,Value Shopper,Northeast,2024-04-21
C100667,Value Shopper,Midwest,2024-03-10
C100668,Mainstream,Northeast,2025-01-01
C100669,Value Shopper,Northeast,2024-06-14
C100670,Value Shopper,Midwest,2023-11-01
C100671,Value Shopper,Midwest,2024-11-18
C100672,Value Shopper,South,2023-04-28
C100673,Value Shopper,Northeast,2024-02-26
C100674,Occasional,South,2025-01-31
C100675,Mainstream,Northeast,2024-05-04
C100676,Mainstream,South,2024-10-11
C100677,Premium,South,2024-05-27
C100678,Value Shopper,South,2024-10-30
C100679,Occasional,South,2025-01-26
C100680,Premium,Midwest,2023-07-14
C100681,Value Shopper,South,2023-04-19
C100682,Mainstream,Midwest,2024-01-06
C100683,Occasional,Midwest,2024-07-07
C100684,Occasional,South,2023-06-06
C100685,Mainstream,Northeast,2022-12-01
C100686,Mainstream,South,2023-09-11
C100687,Value Shopper,South,2025-02-15
C100688,Occasional,Midwest,2024-07-01
C100689,Value Shopper,Northeast,2023-10-30
C100690,Occasional,Northeast,2023-05-08
C100691,Mainstream,West,2023-09-22
C100692,Mainstream,South,2023-04-19
C100693,Mainstream,Northeast,2023-02-25
C100694,Value Shopper,Midwest,2024-12-25
C100695,Value Shopper,South,2025-03-12
C100696,Value Shopper,West,2023-04-14
C100697,Value Shopper,Northeast,2023-01-12
C100698,Premium,Northeast,2023-08-31
C100699,Mainstream,West,2023-12-19
C100700,Value Shopper,Northeast,2023-05-18
C100701,Occasional,Northeast,2023-08-07
C100702,Occasional,West,2023-05-15
C100703,Occasional,South,2024-09-05
C100704,Occasional,Northeast,2024-07-16
C100705,Value Shopper,Northeast,2024-05-12
C100706,Mainstream,Northeast,2023-10-18
C100707,Premium,Northeast,2024-12-27
C100708,Premium,West,2025-02-16
C100709,Value Shopper,Midwest,2023-04-22
C100710,Occasional,South,2023-06-02
C100711,Value Shopper,West,2024-02-10
C100712,Value Shopper,Midwest,2023-02-12
C100713,Mainstream,Northeast,2023-11-28
C100714,Mainstream,South,2024-03-28
C100715,Mainstream,West,2024-02-07
C100716,Value Shopper,West,2023-09-01
C100717,Occasional,Northeast,2024-02-24
C100718,Value Shopper,South,2025-02-07
C100719,Value Shopper,South,2023-05-19
C100720,Occasional,West,2024-05-28
C100721,Occasional,Northeast,2023-01-03
C100722,Occasional,South,2023-01-22
C100723,Occasional,West,2024-03-03
C100724,Premium,Midwest,2023-02-23
C100725,Mainstream,Midwest,2022-12-16
C100726,Value Shopper,Northeast,2023-04-20
C100727,Mainstream,Northeast,2024-03-14
C100728,Mainstream,Midwest,2024-07-08
C100729,Value Shopper,West,2023-05-16
C100730,Premium,Midwest,2024-06-09
C100731,Mainstream,Midwest,2023-04-29
C100732,Value Shopper,South,2024-04-24
C100733,Value Shopper,Northeast,2023-11-08
C100734,Premium,Midwest,2024-05-27
C100735,Value Shopper,South,2025-03-09
C100736,Occasional,West,2025-01-20
C100737,Mainstream,South,2022-12-01
C100738,Mainstream,South,2024-12-07
C100739,Mainstream,Northeast,2023-01-22
C100740,Occasional,West,2025-02-02
C100741,Mainstream,Northeast,2023-07-22
C100742,Premium,South,2023-10-14
C100743,Mainstream,Northeast,2023-02-12
C100744,Value Shopper,West,2023-03-02
C100745,Occasional,South,2024-07-28
C100746,Premium,South,2025-01-26
C100747,Premium,Northeast,2024-04-21
C100748,Occasional,Midwest,2024-07-18
C100749,Occasional,South,2024-08-26
C100750,Premium,South,2023-07-06
C100751,Occasional,Northeast,2023-01-04
C100752,Premium,West,2022-11-29
C100753,Premium,West,2023-09-17
C100754,Mainstream,Northeast,2023-06-18
C100755,Premium,West,2023-01-19
C100756,Value Shopper,South,2023-04-27
C100757,Occasional,Midwest,2023-03-12
C100758,Occasional,Midwest,2025-01-01
C100759,Value Shopper,South,2023-03-25
C100760,Occasional,South,2024-02-20
C100761,Value Shopper,Midwest,2024-04-07
C100762,Mainstream,South,2024-02-25
C100763,Premium,South,2023-02-19
C100764,Value Shopper,South,2023-08-22
C100765,Occasional,Northeast,2023-01-09
C100766,Occasional,West,2023-10-25
C100767,Mainstream,Midwest,2023-05-05
C100768,Value Shopper,Northeast,2024-03-11
C100769,Value Shopper,Northeast,2024-06-29
C100770,Mainstream,Midwest,2024-02-15
C100771,Occasional,West,2023-11-26
C100772,Mainstream,Midwest,2023-10-18
C100773,Value Shopper,South,2024-11-01
C100774,Mainstream,Northeast,2023-05-30
C100775,Mainstream,Midwest,2024-08-03
C100776,Premium,West,2024-08-22
C100777,Value Shopper,South,2023-11-14
C100778,Premium,Northeast,2023-08-04
C100779,Mainstream,South,2023-12-27
C100780,Occasional,Northeast,2023-02-14
C100781,Mainstream,Midwest,2023-01-05
C100782,Mainstream,South,2023-03-01
C100783,Occasional,South,2023-05-03
C100784,Value Shopper,Northeast,2024-01-23
C100785,Occasional,West,2024-11-07
C100786,Premium,South,2023-06-13
C100787,Value Shopper,Midwest,2025-01-18
C100788,Mainstream,South,2025-02-04
C100789,Premium,South,2025-02-07
C100790,Value Shopper,South,2024-10-28
C100791,Mainstream,Midwest,2023-09-28
C100792,Mainstream,South,2023-01-27
C100793,Mainstream,Northeast,2024-03-17
C100794,Value Shopper,West,2024-03-09
C100795,Occasional,South,2024-11-08
C100796,Occasional,Northeast,2025-03-10
C100797,Occasional,South,2024-01-26
C100798,Premium,West,2023-09-13
C100799,Value Shopper,West,2023-05-02
C100800,Premium,Midwest,2022-12-02
C100801,Value Shopper,Northeast,2024-01-27
C100802,Value Shopper,South,2024-03-06
C100803,Mainstream,Northeast,2024-10-18
C100804,Mainstream,West,2024-01-23
C100805,Premium,Northeast,2025-01-03
C100806,Premium,Northeast,2024-05-06
C100807,Mainstream,Midwest,2024-10-31
C100808,Value Shopper,Midwest,2023-04-01
C100809,Occasional,South,2024-11-12
C100810,Mainstream,Midwest,2024-06-14
C100811,Mainstream,Northeast,2023-04-19
C100812,Value Shopper,Northeast,2023-05-06
C100813,Premium,South,2025-01-11
C100814,Premium,Northeast,2022-12-24
C100815,Value Shopper,South,2023-12-20
C100816,Value Shopper,South,2023-08-17
C100817,Premium,South,2024-06-06
C100818,Premium,West,2024-10-30
C100819,Value Shopper,West,2023-09-25
C100820,Occasional,West,2023-11-20
C100821,Value Shopper,Northeast,2025-02-26
C100822,Mainstream,Northeast,2024-09-13
C100823,Occasional,Midwest,2024-12-17
C100824,Mainstream,West,2023-11-30
C100825,Mainstream,West,2023-06-12
C100826,Mainstream,West,2023-11-08
C100827,Value Shopper,Northeast,2024-07-19
C100828,Occasional,West,2023-02-27
C100829,Mainstream,Midwest,2023-07-12
C100830,Occasional,Northeast,2023-01-06
C100831,Value Shopper,Midwest,2023-11-25
C100832,Value Shopper,Northeast,2024-10-20
C100833,Value Shopper,South,2022-12-18
C100834,Premium,Midwest,2024-06-14
C100835,Mainstream,Midwest,2025-01-16
C100836,Occasional,South,2023-06-14
C100837,Mainstream,West,2024-06-30
C100838,Occasional,South,2025-02-21
C100839,Value Shopper,Midwest,2025-02-10
C100840,Occasional,West,2023-06-12
C100841,Premium,West,2023-02-20
C100842,Premium,Northeast,2023-04-01
C100843,Occasional,South,2024-07-07
C100844,Premium,Midwest,2024-07-27
C100845,Mainstream,Northeast,2024-06-14
C100846,Value Shopper,South,2023-09-05
C100847,Value Shopper,West,2023-04-19
C100848,Occasional,Northeast,2024-03-27
C100849,Mainstream,West,2024-01-06
C100850,Premium,West,2024-07-29
C100851,Mainstream,West,2023-12-02
C100852,Value Shopper,Northeast,2023-09-07
C100853,Value Shopper,West,2023-07-31
C100854,Premium,Midwest,2023-05-24
C100855,Mainstream,South,2023-07-08
C100856,Value Shopper,Northeast,2023-02-15
C100857,Mainstream,Northeast,2023-09-14
C100858,Value Shopper,South,2022-12-28
C100859,Mainstream,Midwest,2023-05-03
C100860,Value Shopper,Northeast,2024-08-13
C100861,Premium,Northeast,2023-08-27
C100862,Mainstream,South,2024-06-08
C100863,Mainstream,Northeast,2024-07-19
C100864,Value Shopper,West,2024-03-28
C100865,Value Shopper,Northeast,2025-02-07
C100866,Mainstream,Northeast,2022-12-15
C100867,Mainstream,Midwest,2024-08-06
C100868,Mainstream,Midwest,2025-02-07
C100869,Value Shopper,Midwest,2024-11-18
C100870,Premium,Midwest,2023-04-17
C100871,Occasional,West,2023-08-28
C100872,Premium,South,2023-04-21
C100873,Value Shopper,Northeast,2024-04-13
C100874,Mainstream,Midwest,2024-07-15
C100875,Value Shopper,West,2023-08-20
C100876,Value Shopper,Midwest,2024-02-22
C100877,Occasional,Northeast,2024-06-27
C100878,Value Shopper,South,2023-11-16
C100879,Mainstream,South,2024-11-11
C100880,Mainstream,South,2024-09-03
C100881,Premium,Northeast,2023-01-21
C100882,Mainstream,Northeast,2024-04-30
C100883,Value Shopper,South,2023-06-13
C100884,Mainstream,Northeast,2024-03-08
C100885,Mainstream,South,2025-02-05
C100886,Value Shopper,South,2024-12-02
C100887,Mainstream,Midwest,2023-11-01
C100888,Value Shopper,West,2023-07-30
C100889,Value Shopper,West,2023-06-12
C100890,Mainstream,South,2024-02-16
C100891,Value Shopper,Northeast,2023-03-03
C100892,Mainstream,Northeast,2024-03-01
C100893,Premium,Midwest,2022-11-29
C100894,Occasional,Northeast,2023-08-26
C100895,Value Shopper,West,2023-05-31
C100896,Value Shopper,Northeast,2025-02-17
C100897,Value Shopper,Midwest,2024-07-28
C100898,Mainstream,Midwest,2023-09-17
C100899,Premium,South,2023-02-13
C100900,Value Shopper,Northeast,2024-02-03
C100901,Occasional,Midwest,2023-05-25
C100902,Value Shopper,Northeast,2024-02-19
C100903,Mainstream,West,2024-10-27
C100904,Premium,Northeast,2024-04-26
C100905,Occasional,West,2024-05-11
C100906,Premium,West,2024-02-23
C100907,Occasional,Midwest,2025-01-12
C100908,Mainstream,South,2025-01-15
C100909,Occasional,Northeast,2024-01-30
C100910,Value Shopper,West,2023-08-11
C100911,Occasional,South,2023-12-18
C100912,Mainstream,Midwest,2023-05-03
C100913,Occasional,Midwest,2024-05-13
C100914,Mainstream,Northeast,2024-01-20
C100915,Mainstream,West,2023-02-22
C100916,Mainstream,Northeast,2023-05-12
C100917,Premium,South,2024-01-02
C100918,Value Shopper,Midwest,2024-12-09
C100919,Value Shopper,West,2024-03-15
C100920,Value Shopper,Northeast,2024-06-20
C100921,Value Shopper,South,2023-09-08
C100922,Occasional,Midwest,2024-03-19
C100923,Value Shopper,South,2023-12-07
C100924,Occasional,Northeast,2024-06-01
C100925,Mainstream,Northeast,2023-01-09
C100926,Value Shopper,Northeast,2024-01-14
C100927,Premium,South,2023-08-03
C100928,Premium,Northeast,2023-08-28
C100929,Mainstream,South,2025-02-09
C100930,Mainstream,Northeast,2023-04-30
C100931,Premium,West,2023-08-15
C100932,Value Shopper,West,2024-01-28
C100933,Occasional,South,2024-11-19
C100934,Occasional,Midwest,2023-11-12
C100935,Premium,Northeast,2024-08-11
C100936,Value Shopper,Northeast,2024-11-13
C100937,Premium,Northeast,2023-08-14
C100938,Value Shopper,South,2023-10-23
C100939,Value Shopper,South,2023-09-22
C100940,Value Shopper,West,2024-10-24
C100941,Mainstream,Midwest,2023-01-04
C100942,Occasional,South,2023-08-13
C100943,Premium,Midwest,2024-06-18
C100944,Premium,South,2024-03-14
C100945,Mainstream,Northeast,2023-11-28
C100946,Mainstream,Midwest,2024-02-22
C100947,Mainstream,Midwest,2023-05-12
C100948,Occasional,South,2023-11-23
C100949,Value Shopper,West,2024-01-21
C100950,Occasional,Midwest,2024-12-21
C100951,Mainstream,Northeast,2023-07-04
C100952,Mainstream,Midwest,2024-11-23
C100953,Premium,South,2024-05-19
C100954,Mainstream,Northeast,2022-12-15
C100955,Occasional,South,2024-07-26
C100956,Occasional,West,2022-12-27
C100957,Mainstream,West,2025-03-11
C100958,Value Shopper,Northeast,2024-11-27
C100959,Mainstream,West,2023-08-04
C100960,Occasional,South,2023-07-01
C100961,Value Shopper,Midwest,2023-10-13
C100962,Mainstream,South,2023-09-22
C100963,Mainstream,West,2023-10-06
C100964,Premium,Midwest,2023-08-21
C100965,Value Shopper,Midwest,2024-04-30
C100966,Premium,Midwest,2023-04-14
C100967,Occasional,South,2024-11-04
C100968,Value Shopper,Northeast,2024-10-07
C100969,Value Shopper,West,2024-01-01
C100970,Occasional,South,2024-11-10
C100971,Value Shopper,South,2023-06-23
C100972,Occasional,Northeast,2022-12-12
C100973,Mainstream,South,2024-04-28
C100974,Value Shopper,Northeast,2023-12-16
C100975,Occasional,Northeast,2024-03-16
C100976,Mainstream,South,2024-12-19
C100977,Mainstream,Midwest,2025-02-16
C100978,Mainstream,South,2024-05-11
C100979,Mainstream,Northeast,2024-08-28
C100980,Value Shopper,Midwest,2023-02-06
C100981,Mainstream,Northeast,2023-04-11
C100982,Occasional,West,2024-08-02
C100983,Value Shopper,South,2023-11-24
C100984,Premium,South,2023-12-06
C100985,Mainstream,Midwest,2023-08-13
C100986,Premium,Northeast,2024-04-18
C100987,Value Shopper,West,2023-05-02
C100988,Occasional,Midwest,2024-05-05
C100989,Mainstream,Midwest,2023-04-22
C100990,Value Shopper,South,2023-01-20
C100991,Value Shopper,Northeast,2023-08-31
C100992,Value Shopper,West,2023-06-09
C100993,Mainstream,South,2024-12-10
C100994,Mainstream,Northeast,2023-01-13
C100995,Occasional,Northeast,2023-04-25
C100996,Mainstream,Northeast,2024-02-29
C100997,Value Shopper,West,2024-01-04
C100998,Mainstream,South,2023-01-05
C100999,Premium,Northeast,2022-12-04
C101000,Value Shopper,Northeast,2025-03-04
C101001,Value Shopper,South,2024-06-01
C101002,Value Shopper,South,2023-09-30
C101003,Premium,Midwest,2023-12-27
C101004,Premium,Midwest,2023-07-09
C101005,Mainstream,Northeast,2023-09-13
C101006,Occasional,South,2024-05-23
C101007,Occasional,West,2024-12-05
C101008,Mainstream,Northeast,2023-05-01
C101009,Occasional,South,2024-10-31
C101010,Value Shopper,Midwest,2023-03-09
C101011,Value Shopper,Midwest,2023-05-27
C101012,Value Shopper,Northeast,2022-12-29
C101013,Value Shopper,West,2023-03-26
C101014,Mainstream,Midwest,2025-01-03
C101015,Occasional,South,2023-12-18
C101016,Value Shopper,Midwest,2023-02-01
C101017,Value Shopper,Northeast,2025-02-08
C101018,Mainstream,Northeast,2024-12-02
C101019,Occasional,South,2024-08-20
C101020,Mainstream,Northeast,2025-01-17
C101021,Mainstream,South,2023-05-31
C101022,Value Shopper,Midwest,2024-10-27
C101023,Value Shopper,Midwest,2024-06-27
C101024,Occasional,Midwest,2024-11-24
C101025,Occasional,Midwest,2024-09-24
C101026,Value Shopper,Northeast,2023-09-14
C101027,Occasional,Midwest,2024-09-05
C101028,Mainstream,South,2023-07-05
C101029,Occasional,South,2023-08-30
C101030,Mainstream,Midwest,2023-02-26
C101031,Mainstream,Midwest,2025-01-18
C101032,Mainstream,Northeast,2023-07-29
C101033,Premium,Northeast,2024-02-06
C101034,Value Shopper,Northeast,2023-10-21
C101035,Value Shopper,West,2025-02-08
C101036,Mainstream,Northeast,2023-09-04
C101037,Premium,Northeast,2024-09-09
C101038,Value Shopper,Northeast,2024-11-12
C101039,Premium,Northeast,2023-11-28
C101040,Occasional,South,2023-10-10
C101041,Value Shopper,Northeast,2024-08-14
C101042,Premium,Northeast,2024-12-31
C101043,Mainstream,South,2024-08-20
C101044,Occasional,Midwest,2023-06-06
C101045,Value Shopper,South,2024-12-10
C101046,Premium,South,2023-10-18
C101047,Occasional,Northeast,2024-03-23
C101048,Occasional,South,2024-10-23
C101049,Premium,Northeast,2023-05-04
C101050,Mainstream,South,2024-09-14
C101051,Mainstream,Midwest,2024-04-09
C101052,Occasional,Northeast,2024-12-14
C101053,Mainstream,South,2023-04-21
C101054,Value Shopper,West,2023-11-15
C101055,Occasional,West,2024-10-24
C101056,Premium,South,2022-12-14
C101057,Premium,Midwest,2023-03-02
C101058,Value Shopper,Northeast,2025-03-06
C101059,Premium,Northeast,2023-07-20
C101060,Mainstream,Midwest,2025-02-21
C101061,Premium,Midwest,2023-04-29
C101062,Value Shopper,West,2023-09-26
C101063,Premium,Midwest,2024-08-18
C101064,Occasional,Midwest,2024-05-31
C101065,Value Shopper,Midwest,2024-03-27
C101066,Occasional,West,2024-02-14
C101067,Mainstream,South,2024-11-02
C101068,Occasional,South,2023-06-12
C101069,Premium,Midwest,2023-12-03
C101070,Mainstream,West,2023-04-07
C101071,Premium,Northeast,2024-04-09
C101072,Occasional,West,2023-06-25
C101073,Mainstream,South,2023-09-03
C101074,Mainstream,Midwest,2023-12-27
C101075,Premium,Midwest,2022-12-20
C101076,Occasional,South,2023-02-13
C101077,Premium,Northeast,2024-06-23
C101078,Premium,West,2023-11-22
C101079,Mainstream,Midwest,2024-11-20
C101080,Occasional,Midwest,2024-07-01
C101081,Value Shopper,Northeast,2022-12-04
C101082,Mainstream,Midwest,2024-04-26
C101083,Value Shopper,Midwest,2023-02-14
C101084,Mainstream,Midwest,2024-09-11
C101085,Mainstream,South,2025-03-06
C101086,Mainstream,Midwest,2024-02-15
C101087,Premium,West,2024-06-21
C101088,Mainstream,South,2023-06-14
C101089,Mainstream,West,2023-11-29
C101090,Value Shopper,Northeast,2024-11-13
C101091,Mainstream,Midwest,2023-04-17
C101092,Value Shopper,Midwest,2023-07-08
C101093,Value Shopper,South,2023-12-06
C101094,Mainstream,West,2024-07-15
C101095,Premium,Northeast,2023-10-08
C101096,Mainstream,Northeast,2025-01-12
C101097,Mainstream,West,2023-02-15
C101098,Mainstream,Northeast,2023-10-04
C101099,Occasional,South,2024-07-13
C101100,Mainstream,South,2023-06-05
C101101,Mainstream,West,2024-05-30
C101102,Value Shopper,Northeast,2023-04-14
C101103,Mainstream,Northeast,2023-01-13
C101104,Mainstream,South,2023-03-09
C101105,Mainstream,West,2025-01-14
C101106,Mainstream,Midwest,2024-03-03
C101107,Mainstream,Midwest,2024-09-24
C101108,Mainstream,South,2023-09-02
C101109,Premium,West,2024-04-06
C101110,Occasional,West,2024-01-15
C101111,Premium,West,2025-01-27
C101112,Occasional,Northeast,2024-08-14
C101113,Value Shopper,Northeast,2024-07-31
C101114,Value Shopper,South,2023-01-05
C101115,Value Shopper,West,2024-03-01
C101116,Mainstream,Midwest,2023-12-24
C101117,Occasional,Northeast,2025-01-12
C101118,Value Shopper,South,2023-07-01
C101119,Occasional,Northeast,2023-07-12
C101120,Value Shopper,Midwest,2023-11-07
C101121,Occasional,South,2023-06-19
C101122,Mainstream,South,2023-03-16
C101123,Value Shopper,South,2024-11-14
C101124,Mainstream,Midwest,2024-03-08
C101125,Value Shopper,South,2024-11-17
C101126,Value Shopper,South,2024-10-23
C101127,Mainstream,South,2023-07-22
C101128,Occasional,South,2024-02-29
C101129,Mainstream,Northeast,2023-02-05
C101130,Mainstream,Northeast,2025-01-01
C101131,Mainstream,Northeast,2023-11-01
C101132,Premium,Northeast,2023-10-23
C101133,Value Shopper,South,2023-08-08
C101134,Mainstream,West,2023-12-19
C101135,Value Shopper,South,2023-06-26
C101136,Value Shopper,South,2023-10-08
C101137,Premium,Midwest,2024-09-27
C101138,Value Shopper,Midwest,2024-10-26
C101139,Mainstream,Midwest,2023-08-09
C101140,Premium,Northeast,2023-12-26
C101141,Value Shopper,Northeast,2024-11-28
C101142,Mainstream,South,2023-01-11
C101143,Value Shopper,West,2024-12-11
C101144,Occasional,Northeast,2023-05-30
C101145,Mainstream,Northeast,2024-06-17
C101146,Occasional,South,2024-03-29
C101147,Mainstream,Northeast,2024-03-04
C101148,Value Shopper,West,2024-11-16
C101149,Mainstream,South,2023-02-21
C101150,Occasional,West,2023-09-14
C101151,Mainstream,Midwest,2024-02-21
C101152,Occasional,South,2024-10-06
C101153,Occasional,Midwest,2023-05-28
C101154,Value Shopper,South,2024-09-29
C101155,Value Shopper,Midwest,2023-10-28
C101156,Mainstream,Northeast,2023-05-05
C101157,Mainstream,South,2024-08-24
C101158,Occasional,South,2023-02-12
C101159,Occasional,West,2024-02-01
C101160,Mainstream,South,2023-01-20
C101161,Value Shopper,South,2023-09-22
C101162,Premium,Northeast,2024-04-13
C101163,Value Shopper,South,2024-03-07
C101164,Occasional,South,2023-11-02
C101165,Mainstream,West,2023-11-22
C101166,Premium,West,2023-06-06
C101167,Value Shopper,Northeast,2023-12-15
C101168,Mainstream,West,2025-02-02
C101169,Mainstream,Northeast,2024-11-08
C101170,Mainstream,Midwest,2023-03-29
C101171,Value Shopper,South,2022-12-22
C101172,Premium,Northeast,2025-01-17
C101173,Occasional,South,2024-02-11
C101174,Value Shopper,Northeast,2024-02-20
C101175,Value Shopper,Northeast,2024-09-11
C101176,Value Shopper,South,2023-08-18
C101177,Mainstream,South,2024-01-04
C101178,Mainstream,West,2025-02-15
C101179,Mainstream,South,2024-06-12
C101180,Value Shopper,South,2023-04-05
C101181,Mainstream,Midwest,2023-03-19
C101182,Mainstream,Northeast,2023-05-18
C101183,Mainstream,Northeast,2024-08-30
C101184,Occasional,South,2023-08-02
C101185,Value Shopper,South,2022-12-15
C101186,Premium,Midwest,2025-01-26
C101187,Mainstream,South,2023-04-19
C101188,Mainstream,South,2022-12-06
C101189,Premium,Northeast,2023-06-14
C101190,Premium,Northeast,2023-06-12
C101191,Occasional,West,2023-11-16
C101192,Value Shopper,South,2025-01-06
C101193,Value Shopper,West,2024-12-02
C101194,Premium,Northeast,2023-12-15
C101195,Mainstream,West,2023-11-07
C101196,Value Shopper,Northeast,2024-03-06
C101197,Value Shopper,Northeast,2023-06-20
C101198,Value Shopper,West,2023-01-10
C101199,Occasional,Midwest,2025-01-22
C101200,Value Shopper,South,2023-05-03
C101201,Mainstream,Northeast,2023-05-13
C101202,Value Shopper,South,2023-12-28
C101203,Mainstream,West,2024-01-12
C101204,Value Shopper,Midwest,2022-12-13
C101205,Mainstream,South,2023-03-31
C101206,Value Shopper,Northeast,2023-10-10
C101207,Occasional,South,2024-06-21
C101208,Value Shopper,Midwest,2023-06-07
C101209,Mainstream,Northeast,2023-11-17
C101210,Occasional,Midwest,2024-03-08
C101211,Premium,Northeast,2024-12-10
C101212,Mainstream,West,2023-08-28
C101213,Mainstream,Midwest,2023-03-19
C101214,Mainstream,Northeast,2024-01-11
C101215,Premium,Midwest,2024-08-13
C101216,Occasional,Midwest,2023-02-28
C101217,Premium,South,2023-11-18
C101218,Mainstream,West,2022-12-12
C101219,Premium,Midwest,2022-12-26
C101220,Mainstream,West,2024-01-05
C101221,Value Shopper,South,2023-08-04
C101222,Mainstream,Northeast,2024-11-04
C101223,Occasional,South,2024-04-14
C101224,Value Shopper,South,2023-12-13
C101225,Premium,South,2023-11-04
C101226,Value Shopper,West,2024-01-17
C101227,Mainstream,Midwest,2022-12-31
C101228,Value Shopper,West,2024-12-14
C101229,Mainstream,South,2025-03-12
C101230,Premium,Midwest,2023-04-29
C101231,Mainstream,South,2023-03-08
C101232,Premium,Midwest,2023-03-28
C101233,Premium,West,2024-06-02
C101234,Occasional,South,2024-06-03
C101235,Value Shopper,Northeast,2024-11-06
C101236,Mainstream,Midwest,2024-08-18
C101237,Value Shopper,South,2023-12-09
C101238,Occasional,Northeast,2024-04-23
C101239,Occasional,Northeast,2024-06-25
C101240,Mainstream,Midwest,2024-01-30
C101241,Occasional,Midwest,2023-12-31
C101242,Mainstream,Midwest,2024-05-20
C101243,Mainstream,Northeast,2024-03-08
C101244,Value Shopper,Northeast,2024-05-19
C101245,Premium,South,2024-04-23
C101246,Value Shopper,South,2024-07-21
C101247,Occasional,Northeast,2024-05-18
C101248,Premium,Midwest,2024-02-05
C101249,Premium,South,2024-06-20
C101250,Value Shopper,Northeast,2023-12-09
C101251,Mainstream,Northeast,2023-06-18
C101252,Value Shopper,Northeast,2022-11-29
C101253,Mainstream,West,2024-03-10
C101254,Value Shopper,South,2024-04-04
C101255,Occasional,South,2025-02-18
C101256,Mainstream,South,2023-09-26
C101257,Mainstream,South,2023-10-24
C101258,Mainstream,Midwest,2023-05-16
C101259,Mainstream,South,2023-01-26
C101260,Mainstream,Northeast,2024-09-04
C101261,Mainstream,South,2023-06-25
C101262,Occasional,South,2024-04-20
C101263,Mainstream,South,2024-06-25
C101264,Occasional,Midwest,2023-12-27
C101265,Occasional,Northeast,2024-11-30
C101266,Value Shopper,South,2023-12-04
C101267,Occasional,South,2023-07-24
C101268,Value Shopper,West,2024-12-16
C101269,Occasional,Midwest,2024-11-17
C101270,Mainstream,South,2023-04-14
C101271,Occasional,South,2022-12-19
C101272,Occasional,West,2023-02-11
C101273,Occasional,South,2023-07-26
C101274,Premium,South,2025-02-18
C101275,Mainstream,South,2024-03-09
C101276,Value Shopper,South,2023-10-06
C101277,Mainstream,West,2024-12-10
C101278,Value Shopper,Northeast,2023-12-12
C101279,Premium,Northeast,2023-08-19
C101280,Mainstream,West,2025-01-23
C101281,Occasional,South,2024-11-07
C101282,Mainstream,South,2024-11-02
C101283,Occasional,Midwest,2024-01-30
C101284,Value Shopper,Northeast,2024-09-18
C101285,Occasional,South,2023-04-27
C101286,Occasional,South,2024-03-21
C101287,Mainstream,Midwest,2025-02-28
C101288,Mainstream,Midwest,2023-07-29
C101289,Premium,West,2024-09-22
C101290,Value Shopper,Northeast,2024-01-12
C101291,Mainstream,West,2022-12-31
C101292,Mainstream,Northeast,2024-08-27
C101293,Value Shopper,South,2023-04-18
C101294,Mainstream,West,2024-05-09
C101295,Value Shopper,South,2023-02-07
C101296,Value Shopper,Midwest,2025-01-28
C101297,Value Shopper,South,2023-07-30
C101298,Occasional,Midwest,2023-06-05
C101299,Mainstream,Northeast,2023-03-16
C101300,Occasional,West,2025-01-27
C101301,Mainstream,South,2024-07-15
C101302,Mainstream,South,2024-08-09
C101303,Mainstream,Midwest,2024-01-19
C101304,Mainstream,Northeast,2023-12-30
C101305,Value Shopper,Northeast,2023-02-28
C101306,Mainstream,South,2024-03-10
C101307,Value Shopper,South,2023-06-22
C101308,Mainstream,South,2025-02-22
C101309,Premium,West,2024-09-24
C101310,Value Shopper,Northeast,2023-11-09
C101311,Value Shopper,Midwest,2023-04-03
C101312,Premium,Northeast,2024-09-15
C101313,Mainstream,Midwest,2023-03-10
C101314,Value Shopper,Northeast,2023-05-05
C101315,Occasional,West,2023-05-24
C101316,Value Shopper,Northeast,2024-03-07
C101317,Premium,West,2024-09-16
C101318,Occasional,Midwest,2023-08-18
C101319,Value Shopper,West,2023-02-06
C101320,Value Shopper,South,2023-12-22
C101321,Value Shopper,West,2024-08-14
C101322,Mainstream,Northeast,2023-06-01
C101323,Value Shopper,South,2023-05-31
C101324,Premium,West,2025-01-28
C101325,Value Shopper,Northeast,2025-02-03
C101326,Mainstream,Northeast,2025-03-06
C101327,Occasional,Midwest,2024-10-03
C101328,Occasional,West,2023-05-04
C101329,Mainstream,South,2023-05-24
C101330,Mainstream,South,2023-09-09
C101331,Mainstream,Northeast,2023-08-21
C101332,Mainstream,Northeast,2025-02-05
C101333,Mainstream,West,2024-09-18
C101334,Value Shopper,Northeast,2024-07-25
C101335,Occasional,South,2023-05-02
C101336,Mainstream,West,2024-12-28
C101337,Value Shopper,Northeast,2024-10-20
C101338,Mainstream,South,2023-04-14
C101339,Mainstream,Northeast,2024-11-26
C101340,Occasional,South,2023-07-14
C101341,Premium,Northeast,2023-02-03
C101342,Premium,South,2024-05-30
C101343,Value Shopper,Midwest,2024-05-27
C101344,Mainstream,Midwest,2023-02-15
C101345,Mainstream,South,2023-08-22
C101346,Value Shopper,Northeast,2025-03-07
C101347,Value Shopper,South,2024-06-17
C101348,Premium,Midwest,2024-07-30
C101349,Value Shopper,South,2023-05-25
C101350,Mainstream,Northeast,2023-02-02
C101351,Value Shopper,South,2023-07-18
C101352,Value Shopper,Northeast,2023-06-24
C101353,Value Shopper,Midwest,2023-06-12
C101354,Occasional,Northeast,2023-05-08
C101355,Occasional,South,2024-03-22
C101356,Occasional,Northeast,2023-08-29
C101357,Mainstream,West,2024-10-14
C101358,Value Shopper,West,2023-05-01
C101359,Mainstream,Northeast,2023-12-22
C101360,Mainstream,South,2022-12-09
C101361,Occasional,Northeast,2024-01-04
C101362,Value Shopper,Midwest,2023-01-13
C101363,Mainstream,South,2025-02-23
C101364,Value Shopper,South,2024-09-19
C101365,Mainstream,South,2024-01-11
C101366,Premium,Midwest,2023-02-08
C101367,Mainstream,Midwest,2024-04-06
C101368,Mainstream,Northeast,2024-08-23
C101369,Mainstream,South,2023-05-06
C101370,Mainstream,South,2024-03-17
C101371,Premium,South,2024-10-09
C101372,Occasional,Northeast,2024-08-31
C101373,Occasional,Midwest,2024-09-29
C101374,Premium,Midwest,2024-12-02
C101375,Mainstream,Northeast,2025-01-20
C101376,Premium,Midwest,2023-11-02
C101377,Mainstream,West,2024-03-17
C101378,Value Shopper,West,2024-09-19
C101379,Occasional,South,2024-07-03
C101380,Value Shopper,Midwest,2025-03-10
C101381,Occasional,Northeast,2022-12-09
C101382,Mainstream,West,2023-09-21
C101383,Mainstream,Northeast,2023-07-21
C101384,Premium,West,2023-07-05
C101385,Occasional,Midwest,2023-06-02
C101386,Mainstream,Midwest,2024-07-13
C101387,Mainstream,West,2023-02-07
C101388,Value Shopper,Northeast,2024-08-09
C101389,Mainstream,South,2024-06-30
C101390,Value Shopper,South,2023-06-26
C101391,Premium,Northeast,2023-06-27
C101392,Mainstream,Midwest,2024-05-06
C101393,Premium,South,2024-08-26
C101394,Value Shopper,South,2024-11-30
C101395,Value Shopper,Northeast,2024-11-10
C101396,Premium,West,2025-02-12
C101397,Value Shopper,Northeast,2024-03-28
C101398,Value Shopper,Northeast,2024-12-27
C101399,Value Shopper,Northeast,2024-10-04
C101400,Occasional,Northeast,2024-12-15
C101401,Premium,Northeast,2022-12-07
C101402,Mainstream,West,2025-02-13
C101403,Value Shopper,Midwest,2023-12-29
C101404,Mainstream,Northeast,2024-09-25
C101405,Premium,Northeast,2023-03-14
C101406,Premium,South,2023-10-25
C101407,Value Shopper,West,2023-07-13
C101408,Value Shopper,Northeast,2023-07-30
C101409,Value Shopper,Northeast,2023-03-11
C101410,Premium,Northeast,2024-10-02
C101411,Premium,Northeast,2022-12-05
C101412,Value Shopper,Northeast,2023-08-16
C101413,Value Shopper,Midwest,2023-04-23
C101414,Value Shopper,Northeast,2024-04-03
C101415,Occasional,South,2023-06-29
C101416,Value Shopper,Northeast,2023-07-03
C101417,Premium,West,2024-01-10
C101418,Mainstream,West,2024-05-26
C101419,Mainstream,South,2023-03-09
C101420,Value Shopper,Midwest,2023-04-24
C101421,Value Shopper,Midwest,2023-06-23
C101422,Mainstream,Midwest,2025-02-20
C101423,Premium,South,2023-10-26
C101424,Mainstream,Midwest,2024-04-11
C101425,Mainstream,West,2023-06-18
C101426,Value Shopper,West,2024-01-12
C101427,Occasional,Midwest,2023-01-29
C101428,Premium,South,2022-12-27
C101429,Value Shopper,Northeast,2023-12-25
C101430,Occasional,Northeast,2023-10-28
C101431,Mainstream,Midwest,2023-03-22
C101432,Mainstream,Northeast,2024-06-25
C101433,Premium,West,2025-03-08
C101434,Occasional,Northeast,2023-10-25
C101435,Premium,Midwest,2024-05-03
C101436,Value Shopper,South,2025-02-10
C101437,Mainstream,South,2024-10-23
C101438,Occasional,Midwest,2023-12-21
C101439,Value Shopper,West,2024-08-06
C101440,Mainstream,South,2023-03-15
C101441,Mainstream,Midwest,2024-01-30
C101442,Mainstream,Northeast,2023-07-19
C101443,Mainstream,Midwest,2023-04-12
C101444,Occasional,West,2023-11-20
C101445,Value Shopper,South,2023-03-17
C101446,Value Shopper,West,2024-07-04
C101447,Value Shopper,Midwest,2023-12-15
C101448,Occasional,Northeast,2024-02-15
C101449,Mainstream,Northeast,2023-03-30
C101450,Value Shopper,Midwest,2023-03-25
C101451,Occasional,South,2024-03-29
C101452,Occasional,South,2025-03-01
C101453,Occasional,Midwest,2023-02-16
C101454,Occasional,Midwest,2023-07-25
C101455,Value Shopper,Midwest,2024-11-24
C101456,Premium,Midwest,2023-01-27
C101457,Mainstream,Northeast,2024-11-29
C101458,Occasional,Northeast,2024-02-09
C101459,Premium,Northeast,2023-11-05
C101460,Premium,Northeast,2023-08-14
C101461,Premium,Northeast,2023-08-03
C101462,Value Shopper,Northeast,2023-08-11
C101463,Mainstream,South,2024-12-07
C101464,Occasional,Midwest,2024-07-25
C101465,Occasional,West,2024-06-10
C101466,Value Shopper,Northeast,2024-09-26
C101467,Value Shopper,Midwest,2023-07-01
C101468,Value Shopper,Midwest,2024-04-27
C101469,Premium,Northeast,2023-12-18
C101470,Occasional,West,2024-09-12
C101471,Value Shopper,Northeast,2023-08-14
C101472,Mainstream,West,2024-05-18
C101473,Occasional,West,2024-12-05
C101474,Premium,South,2023-10-31
C101475,Mainstream,South,2023-01-22
C101476,Mainstream,South,2024-02-02
C101477,Mainstream,Midwest,2023-09-13
C101478,Value Shopper,South,2024-06-12
C101479,Mainstream,Northeast,2025-01-31
C101480,Premium,Northeast,2024-01-07
C101481,Occasional,Midwest,2023-12-23
C101482,Mainstream,South,2024-05-28
C101483,Premium,West,2023-02-22
C101484,Value Shopper,Northeast,2023-06-28
C101485,Mainstream,West,2025-01-05
C101486,Value Shopper,Northeast,2024-06-10
C101487,Value Shopper,Midwest,2022-12-09
C101488,Premium,Midwest,2023-05-18
C101489,Occasional,Midwest,2024-06-21
C101490,Value Shopper,Northeast,2024-08-28
C101491,Mainstream,South,2024-10-30
C101492,Occasional,West,2023-07-30
C101493,Value Shopper,Midwest,2025-01-15
C101494,Mainstream,Midwest,2024-03-04
C101495,Premium,West,2024-07-02
C101496,Mainstream,South,2024-04-10
C101497,Value Shopper,Midwest,2023-03-10
C101498,Mainstream,Northeast,2025-02-11
C101499,Premium,West,2023-03-10
C101500,Mainstream,South,2023-06-29
C101501,Value Shopper,Northeast,2024-10-08
C101502,Premium,Northeast,2024-04-28
C101503,Value Shopper,West,2024-10-29
C101504,Premium,Northeast,2024-02-02
C101505,Value Shopper,West,2023-10-09
C101506,Occasional,Northeast,2025-01-07
C101507,Mainstream,South,2022-12-28
C101508,Mainstream,Midwest,2024-11-13
C101509,Value Shopper,Midwest,2023-06-09
C101510,Mainstream,West,2024-11-07
C101511,Occasional,Midwest,2023-03-24
C101512,Occasional,South,2024-03-27
C101513,Mainstream,Northeast,2024-12-10
C101514,Mainstream,Northeast,2023-12-29
C101515,Premium,Northeast,2024-08-13
C101516,Occasional,South,2024-10-01
C101517,Mainstream,Northeast,2024-08-05
C101518,Mainstream,Northeast,2025-01-10
C101519,Mainstream,Midwest,2023-12-07
C101520,Premium,South,2023-04-22
C101521,Value Shopper,South,2023-01-07
C101522,Mainstream,Northeast,2023-06-22
C101523,Mainstream,Northeast,2023-03-27
C101524,Premium,West,2024-03-08
C101525,Value Shopper,Northeast,2023-05-01
C101526,Mainstream,West,2022-12-30
C101527,Mainstream,West,2022-12-28
C101528,Mainstream,South,2024-10-23
C101529,Value Shopper,Northeast,2024-04-05
C101530,Mainstream,West,2023-09-24
C101531,Mainstream,South,2024-12-15
C101532,Mainstream,South,2023-01-25
C101533,Mainstream,Midwest,2025-02-25
C101534,Premium,Northeast,2024-04-26
C101535,Occasional,Northeast,2023-04-30
C101536,Value Shopper,South,2024-06-18
C101537,Occasional,South,2024-08-27
C101538,Mainstream,Midwest,2023-11-22
C101539,Value Shopper,Midwest,2024-11-18
C101540,Value Shopper,Midwest,2023-04-03
C101541,Mainstream,South,2023-07-19
C101542,Premium,West,2023-02-14
C101543,Premium,Northeast,2023-05-23
C101544,Premium,Midwest,2023-06-16
C101545,Mainstream,Northeast,2025-01-03
C101546,Mainstream,South,2023-02-01
C101547,Value Shopper,South,2023-11-21
C101548,Mainstream,West,2024-02-16
C101549,Mainstream,Northeast,2024-12-19
C101550,Value Shopper,West,2025-03-12
C101551,Value Shopper,Northeast,2024-08-19
C101552,Mainstream,South,2025-02-17
C101553,Premium,Northeast,2024-09-16
C101554,Occasional,West,2025-02-11
C101555,Occasional,South,2024-07-11
C101556,Mainstream,South,2023-02-02
C101557,Mainstream,West,2023-10-30
C101558,Mainstream,Northeast,2024-05-21
C101559,Premium,Northeast,2023-09-17
C101560,Value Shopper,West,2023-07-15
C101561,Mainstream,Midwest,2024-03-24
C101562,Occasional,Northeast,2025-01-17
C101563,Mainstream,Midwest,2022-12-27
C101564,Mainstream,South,2024-09-01
C101565,Mainstream,Northeast,2024-07-24
C101566,Value Shopper,Northeast,2025-02-11
C101567,Mainstream,Northeast,2025-01-14
C101568,Mainstream,Midwest,2024-08-26
C101569,Value Shopper,West,2024-02-06
C101570,Value Shopper,West,2023-05-18
C101571,Occasional,South,2024-02-26
C101572,Value Shopper,Northeast,2024-08-29
C101573,Mainstream,West,2024-12-16
C101574,Value Shopper,South,2024-09-18
C101575,Occasional,Northeast,2023-05-10
C101576,Value Shopper,West,2024-04-12
C101577,Mainstream,South,2023-09-02
C101578,Occasional,South,2022-12-05
C101579,Occasional,South,2023-05-14
C101580,Value Shopper,Northeast,2023-03-02
C101581,Occasional,Northeast,2024-11-02
C101582,Mainstream,South,2023-07-02
C101583,Mainstream,Northeast,2023-07-24
C101584,Value Shopper,Midwest,2025-02-08
C101585,Value Shopper,South,2023-10-11
C101586,Premium,South,2022-12-06
C101587,Mainstream,Midwest,2023-07-23
C101588,Mainstream,South,2023-03-07
C101589,Premium,West,2023-02-22
C101590,Premium,South,2023-01-31
C101591,Value Shopper,Northeast,2024-04-07
C101592,Mainstream,Northeast,2023-05-05
C101593,Value Shopper,Midwest,2023-09-26
C101594,Premium,Northeast,2024-11-18
C101595,Premium,Northeast,2023-11-18
C101596,Occasional,Northeast,2025-01-02
C101597,Value Shopper,Midwest,2024-01-18
C101598,Value Shopper,West,2023-10-28
C101599,Value Shopper,Northeast,2024-08-16
C101600,Value Shopper,South,2023-01-28
C101601,Value Shopper,South,2023-02-10
C101602,Occasional,Northeast,2024-05-26
C101603,Value Shopper,West,2024-01-09
C101604,Value Shopper,South,2024-09-19
C101605,Premium,Midwest,2025-01-02
C101606,Mainstream,South,2023-10-19
C101607,Premium,Northeast,2024-04-09
C101608,Value Shopper,South,2024-01-20
C101609,Mainstream,Northeast,2025-02-26
C101610,Value Shopper,West,2024-10-23
C101611,Value Shopper,Midwest,2024-12-30
C101612,Occasional,South,2023-06-29
C101613,Value Shopper,Northeast,2024-09-04
C101614,Mainstream,South,2023-07-08
C101615,Mainstream,South,2023-05-21
C101616,Mainstream,Midwest,2025-01-26
C101617,Occasional,South,2022-12-14
C101618,Value Shopper,Midwest,2025-02-12
C101619,Premium,West,2023-04-02
C101620,Occasional,Midwest,2024-10-13
C101621,Mainstream,West,2023-07-17
C101622,Occasional,West,2023-09-17
C101623,Value Shopper,Midwest,2023-05-28
C101624,Mainstream,Northeast,2024-03-31
C101625,Value Shopper,Midwest,2023-09-15
C101626,Premium,West,2024-05-30
C101627,Occasional,Northeast,2022-12-11
C101628,Value Shopper,South,2023-01-20
C101629,Premium,West,2023-02-19
C101630,Value Shopper,Midwest,2023-11-14
C101631,Mainstream,South,2024-10-09
C101632,Mainstream,Northeast,2024-12-10
C101633,Occasional,Northeast,2023-06-21
C101634,Mainstream,South,2024-03-22
C101635,Mainstream,Northeast,2024-08-31
C101636,Value Shopper,Northeast,2023-07-28
C101637,Value Shopper,West,2023-11-05
C101638,Value Shopper,Midwest,2024-02-09
C101639,Value Shopper,West,2023-03-21
C101640,Occasional,West,2022-12-19
C101641,Mainstream,Northeast,2023-04-05
C101642,Mainstream,Northeast,2024-05-05
C101643,Value Shopper,South,2023-01-28
C101644,Occasional,Midwest,2023-05-05
C101645,Premium,Northeast,2023-09-07
C101646,Value Shopper,South,2023-02-01
C101647,Premium,Northeast,2023-05-07
C101648,Mainstream,West,2024-12-29
C101649,Value Shopper,Northeast,2022-12-14
C101650,Mainstream,Northeast,2024-05-27
C101651,Mainstream,Northeast,2023-10-16
C101652,Value Shopper,West,2024-06-12
C101653,Occasional,South,2024-04-03
C101654,Occasional,West,2023-06-03
C101655,Premium,Midwest,2024-11-05
C101656,Mainstream,Midwest,2024-01-13
C101657,Mainstream,Northeast,2024-10-16
C101658,Premium,Midwest,2023-11-03
C101659,Mainstream,South,2025-03-01
C101660,Value Shopper,South,2024-09-02
C101661,Mainstream,Northeast,2025-02-13
C101662,Occasional,West,2024-02-01
C101663,Mainstream,Northeast,2023-12-29
C101664,Value Shopper,West,2024-08-21
C101665,Premium,Northeast,2024-12-03
C101666,Value Shopper,Midwest,2025-02-11
C101667,Value Shopper,Midwest,2023-08-26
C101668,Value Shopper,Midwest,2024-09-26
C101669,Mainstream,South,2023-05-23
C101670,Premium,Midwest,2024-02-27
C101671,Mainstream,Midwest,2023-04-27
C101672,Value Shopper,South,2023-09-15
C101673,Occasional,South,2025-01-15
C101674,Occasional,West,2023-03-30
C101675,Occasional,Northeast,2024-05-09
C101676,Value Shopper,South,2024-04-06
C101677,Mainstream,South,2023-03-09
C101678,Occasional,Midwest,2023-08-28
C101679,Premium,Midwest,2024-03-12
C101680,Value Shopper,Midwest,2023-05-03
C101681,Value Shopper,Northeast,2024-09-27
C101682,Mainstream,Northeast,2025-02-18
C101683,Occasional,Northeast,2023-05-26
C101684,Mainstream,South,2023-05-03
C101685,Mainstream,South,2023-12-14
C101686,Value Shopper,West,2024-08-14
C101687,Premium,South,2023-07-21
C101688,Occasional,Northeast,2022-12-14
C101689,Mainstream,West,2024-02-23
C101690,Premium,West,2025-02-05
C101691,Occasional,Midwest,2023-10-21
C101692,Value Shopper,South,2023-11-15
C101693,Mainstream,West,2025-02-15
C101694,Value Shopper,South,2024-07-01
C101695,Premium,West,2024-07-21
C101696,Mainstream,Northeast,2024-03-12
C101697,Mainstream,Northeast,2025-02-20
C101698,Premium,Midwest,2024-06-26
C101699,Mainstream,South,2024-12-16
C101700,Occasional,West,2024-07-05
C101701,Mainstream,West,2024-08-04
C101702,Value Shopper,Midwest,2023-07-29
C101703,Premium,Northeast,2023-08-09
C101704,Premium,West,2024-09-13
C101705,Mainstream,South,2023-08-03
C101706,Occasional,Northeast,2024-03-12
C101707,Occasional,Midwest,2023-06-24
C101708,Value Shopper,South,2024-10-11
C101709,Occasional,South,2023-02-28
C101710,Value Shopper,Midwest,2024-10-22
C101711,Value Shopper,Midwest,2024-04-15
C101712,Value Shopper,West,2023-05-03
C101713,Occasional,South,2024-02-24
C101714,Premium,Midwest,2023-07-22
C101715,Value Shopper,Midwest,2023-08-26
C101716,Mainstream,South,2023-09-18
C101717,Mainstream,Northeast,2023-01-20
C101718,Value Shopper,Northeast,2025-03-02
C101719,Occasional,South,2022-12-24
C101720,Occasional,Midwest,2024-06-04
C101721,Mainstream,South,2023-10-05
C101722,Occasional,Northeast,2024-05-21
C101723,Mainstream,South,2023-09-22
C101724,Occasional,Midwest,2024-06-13
C101725,Premium,Northeast,2024-07-30
C101726,Mainstream,Northeast,2024-06-27
C101727,Value Shopper,West,2023-03-03
C101728,Occasional,West,2024-05-30
C101729,Mainstream,Northeast,2023-07-20
C101730,Value Shopper,South,2022-12-22
C101731,Value Shopper,South,2023-11-10
C101732,Mainstream,West,2023-11-26
C101733,Mainstream,Midwest,2023-12-24
C101734,Premium,South,2024-07-09
C101735,Occasional,Northeast,2023-08-13
C101736,Value Shopper,Midwest,2023-08-19
C101737,Premium,West,2023-01-17
C101738,Value Shopper,South,2024-06-24
C101739,Occasional,Midwest,2024-03-16
C101740,Occasional,Northeast,2023-09-16
C101741,Mainstream,South,2024-07-09
C101742,Premium,South,2024-02-20
C101743,Mainstream,Midwest,2023-12-26
C101744,Mainstream,West,2024-01-29
C101745,Occasional,Northeast,2024-05-13
C101746,Mainstream,Midwest,2024-06-02
C101747,Mainstream,West,2023-07-28
C101748,Mainstream,Midwest,2023-03-25
C101749,Occasional,Northeast,2023-04-08
C101750,Mainstream,South,2024-05-15
C101751,Value Shopper,West,2024-11-27
C101752,Premium,Northeast,2023-11-06
C101753,Occasional,West,2023-04-19
C101754,Value Shopper,South,2024-08-22
C101755,Value Shopper,Northeast,2024-10-24
C101756,Value Shopper,South,2024-12-03
C101757,Mainstream,Midwest,2024-04-18
C101758,Mainstream,Midwest,2024-11-17
C101759,Premium,South,2022-12-10
C101760,Premium,West,2023-02-25
C101761,Mainstream,Northeast,2023-02-13
C101762,Mainstream,Midwest,2024-07-16
C101763,Occasional,Midwest,2023-01-25
C101764,Mainstream,Midwest,2024-01-16
C101765,Occasional,Midwest,2023-12-29
C101766,Mainstream,Northeast,2023-08-15
C101767,Value Shopper,South,2024-11-25
C101768,Premium,Midwest,2023-04-19
C101769,Mainstream,Northeast,2023-09-19
C101770,Premium,West,2024-09-05
C101771,Value Shopper,West,2022-12-23
C101772,Value Shopper,Midwest,2024-06-12
C101773,Occasional,Midwest,2024-10-11
C101774,Value Shopper,South,2025-01-16
C101775,Occasional,Midwest,2024-11-30
C101776,Value Shopper,Northeast,2023-08-22
C101777,Mainstream,South,2024-04-01
C101778,Premium,Northeast,2023-01-31
C101779,Mainstream,Northeast,2023-07-02
C101780,Mainstream,Northeast,2023-02-14
C101781,Value Shopper,Northeast,2023-08-19
C101782,Value Shopper,Northeast,2024-11-29
C101783,Mainstream,West,2023-09-14
C101784,Premium,Midwest,2024-03-11
C101785,Occasional,Northeast,2023-11-26
C101786,Occasional,Northeast,2023-12-17
C101787,Premium,West,2025-02-16
C101788,Premium,South,2023-08-03
C101789,Premium,Midwest,2024-05-05
C101790,Value Shopper,West,2023-11-15
C101791,Occasional,Midwest,2023-01-18
C101792,Premium,Midwest,2024-01-11
C101793,Mainstream,Northeast,2024-10-08
C101794,Value Shopper,Midwest,2023-02-18
C101795,Mainstream,Midwest,2023-01-25
C101796,Mainstream,South,2023-04-05
C101797,Occasional,Midwest,2024-08-28
C101798,Mainstream,South,2024-07-25
C101799,Mainstream,Northeast,2024-03-14
C101800,Occasional,Northeast,2023-12-25
C101801,Value Shopper,Midwest,2024-12-10
C101802,Mainstream,West,2024-08-30
C101803,Value Shopper,Midwest,2024-10-07
C101804,Premium,South,2024-10-08
C101805,Occasional,Northeast,2024-05-18
C101806,Value Shopper,Northeast,2023-12-16
C101807,Occasional,Northeast,2024-11-20
C101808,Value Shopper,Midwest,2025-01-10
C101809,Occasional,Northeast,2022-12-17
C101810,Premium,Northeast,2023-01-10
C101811,Occasional,South,2025-02-07
C101812,Value Shopper,Northeast,2023-07-18
C101813,Occasional,South,2024-11-27
C101814,Premium,Midwest,2023-10-19
C101815,Mainstream,South,2023-03-07
C101816,Occasional,South,2023-02-03
C101817,Value Shopper,Midwest,2023-04-08
C101818,Occasional,Midwest,2023-06-25
C101819,Value Shopper,South,2024-01-10
C101820,Premium,West,2024-07-06
C101821,Mainstream,Northeast,2025-03-02
C101822,Value Shopper,Northeast,2023-12-02
C101823,Value Shopper,West,2024-02-04
C101824,Value Shopper,Midwest,2024-02-07
C101825,Mainstream,South,2024-02-22
C101826,Mainstream,Midwest,2024-02-03
C101827,Mainstream,Northeast,2022-12-05
C101828,Value Shopper,South,2022-11-29
C101829,Value Shopper,South,2023-02-17
C101830,Premium,Northeast,2023-02-21
C101831,Value Shopper,Midwest,2024-07-09
C101832,Occasional,South,2023-05-18
C101833,Occasional,South,2024-12-15
C101834,Premium,Northeast,2025-01-13
C101835,Mainstream,South,2025-02-21
C101836,Occasional,South,2025-01-21
C101837,Value Shopper,South,2023-07-13
C101838,Value Shopper,South,2024-01-28
C101839,Value Shopper,Northeast,2023-04-24
C101840,Premium,South,2024-10-02
C101841,Value Shopper,South,2024-12-10
C101842,Mainstream,Northeast,2024-11-09
C101843,Occasional,Midwest,2023-11-26
C101844,Occasional,Midwest,2024-08-23
C101845,Mainstream,South,2023-02-17
C101846,Value Shopper,Northeast,2022-12-31
C101847,Occasional,South,2024-08-19
C101848,Mainstream,West,2023-11-19
C101849,Value Shopper,South,2025-03-10
C101850,Value Shopper,West,2023-02-17
C101851,Occasional,West,2024-11-13
C101852,Premium,Northeast,2024-01-03
C101853,Occasional,South,2024-10-20
C101854,Occasional,Midwest,2024-10-11
C101855,Mainstream,West,2025-01-02
C101856,Mainstream,Northeast,2023-08-04
C101857,Mainstream,West,2025-01-30
C101858,Mainstream,South,2023-04-04
C101859,Mainstream,South,2023-02-04
C101860,Premium,Northeast,2023-11-24
C101861,Mainstream,Northeast,2024-10-21
C101862,Occasional,South,2023-12-29
C101863,Mainstream,Northeast,2024-10-21
C101864,Mainstream,West,2024-07-30
C101865,Mainstream,Northeast,2023-05-22
C101866,Mainstream,South,2025-01-30
C101867,Premium,Midwest,2023-01-17
C101868,Value Shopper,South,2024-12-18
C101869,Mainstream,South,2023-08-10
C101870,Value Shopper,Midwest,2024-01-20
C101871,Mainstream,Northeast,2023-11-16
C101872,Mainstream,Northeast,2023-04-20
C101873,Premium,South,2023-09-24
C101874,Occasional,South,2023-05-08
C101875,Mainstream,South,2023-05-17
C101876,Premium,South,2023-05-03
C101877,Mainstream,Midwest,2024-01-10
C101878,Mainstream,Midwest,2024-09-25
C101879,Value Shopper,Northeast,2024-03-17
C101880,Value Shopper,Midwest,2024-12-14
C101881,Mainstream,West,2024-05-13
C101882,Mainstream,West,2024-06-26
C101883,Value Shopper,Midwest,2024-06-08
C101884,Value Shopper,South,2023-12-09
C101885,Value Shopper,West,2024-06-26
C101886,Occasional,Midwest,2023-01-25
C101887,Mainstream,Northeast,2024-11-16
C101888,Mainstream,Northeast,2024-09-08
C101889,Value Shopper,South,2023-06-21
C101890,Mainstream,West,2024-08-31
C101891,Value Shopper,South,2022-12-08
C101892,Value Shopper,Northeast,2023-05-29
C101893,Mainstream,Northeast,2023-01-21
C101894,Value Shopper,South,2024-09-10
C101895,Value Shopper,West,2024-08-21
C101896,Value Shopper,South,2024-10-08
C101897,Value Shopper,South,2022-12-01
C101898,Value Shopper,Northeast,2024-01-21
C101899,Mainstream,West,2024-07-09
C101900,Occasional,South,2023-04-07
C101901,Mainstream,Northeast,2024-05-24
C101902,Mainstream,South,2023-02-06
C101903,Value Shopper,Northeast,2023-04-28
C101904,Occasional,Northeast,2023-12-31
C101905,Mainstream,Northeast,2024-05-27
C101906,Value Shopper,Northeast,2023-03-30
C101907,Mainstream,Midwest,2023-05-02
C101908,Value Shopper,Midwest,2023-05-18
C101909,Mainstream,South,2023-06-16
C101910,Mainstream,Midwest,2023-06-05
C101911,Occasional,Northeast,2023-10-25
C101912,Mainstream,Northeast,2024-05-27
C101913,Premium,South,2023-11-30
C101914,Occasional,Midwest,2024-09-07
C101915,Value Shopper,Midwest,2024-07-21
C101916,Value Shopper,West,2023-03-14
C101917,Mainstream,South,2023-01-07
C101918,Mainstream,West,2024-12-01
C101919,Mainstream,Midwest,2023-02-02
C101920,Occasional,Northeast,2023-04-01
C101921,Premium,South,2022-12-16
C101922,Mainstream,Northeast,2024-05-06
C101923,Mainstream,Midwest,2024-03-29
C101924,Occasional,Northeast,2025-03-03
C101925,Occasional,West,2024-12-09
C101926,Occasional,Northeast,2023-11-07
C101927,Value Shopper,West,2023-10-05
C101928,Mainstream,West,2023-08-03
C101929,Value Shopper,Midwest,2023-04-04
C101930,Value Shopper,South,2023-03-23
C101931,Value Shopper,South,2023-03-18
C101932,Mainstream,West,2023-03-03
C101933,Premium,Midwest,2023-06-17
C101934,Value Shopper,South,2023-08-11
C101935,Mainstream,Midwest,2025-02-09
C101936,Mainstream,West,2024-03-25
C101937,Mainstream,Midwest,2025-03-03
C101938,Value Shopper,Midwest,2023-10-06
C101939,Mainstream,South,2023-12-16
C101940,Premium,West,2023-08-26
C101941,Value Shopper,South,2023-04-30
C101942,Value Shopper,Northeast,2023-03-27
C101943,Mainstream,Midwest,2025-01-26
C101944,Occasional,West,2025-03-02
C101945,Premium,South,2023-01-04
C101946,Premium,West,2023-04-02
C101947,Mainstream,Northeast,2023-11-17
C101948,Mainstream,Midwest,2023-05-03
C101949,Value Shopper,South,2023-09-28
C101950,Mainstream,West,2023-03-16
C101951,Occasional,Northeast,2023-12-15
C101952,Mainstream,West,2023-07-13
C101953,Occasional,South,2023-09-18
C101954,Premium,Northeast,2023-02-15
C101955,Value Shopper,Midwest,2023-11-21
C101956,Occasional,Midwest,2025-02-27
C101957,Value Shopper,South,2023-08-30
C101958,Mainstream,Northeast,2024-11-30
C101959,Value Shopper,Northeast,2024-11-02
C101960,Value Shopper,West,2025-02-01
C101961,Mainstream,Northeast,2024-09-19
C101962,Value Shopper,Northeast,2024-06-01
C101963,Mainstream,Midwest,2024-11-13
C101964,Mainstream,South,2023-01-30
C101965,Value Shopper,South,2023-12-20
C101966,Value Shopper,Midwest,2025-03-04
C101967,Mainstream,South,2024-09-01
C101968,Mainstream,South,2025-02-10
C101969,Premium,Northeast,2024-09-10
C101970,Premium,Northeast,2024-11-29
C101971,Occasional,Midwest,2024-07-11
C101972,Premium,Midwest,2024-08-25
C101973,Mainstream,South,2024-02-08
C101974,Premium,South,2025-01-09
C101975,Value Shopper,Midwest,2024-10-18
C101976,Mainstream,Northeast,2024-11-03
C101977,Premium,Northeast,2024-06-12
C101978,Mainstream,South,2023-08-10
C101979,Premium,Midwest,2022-12-27
C101980,Occasional,South,2025-01-19
C101981,Occasional,Northeast,2024-04-01
C101982,Occasional,South,2023-08-04
C101983,Mainstream,West,2023-04-01
C101984,Mainstream,Northeast,2024-10-22
C101985,Mainstream,Midwest,2024-10-28
C101986,Mainstream,West,2024-10-09
C101987,Mainstream,Midwest,2024-05-20
C101988,Premium,South,2023-09-30
C101989,Premium,Northeast,2023-08-09
C101990,Mainstream,South,2022-12-05
C101991,Value Shopper,Northeast,2024-10-25
C101992,Mainstream,West,2023-02-09
C101993,Value Shopper,South,2024-05-08
C101994,Occasional,South,2024-01-23
C101995,Mainstream,South,2024-02-11
C101996,Value Shopper,South,2025-01-11
C101997,Value Shopper,Midwest,2022-12-24
C101998,Mainstream,West,2024-09-05
C101999,Mainstream,West,2023-01-10
C102000,Mainstream,Midwest,2022-12-29
C102001,Value Shopper,West,2023-11-23
C102002,Mainstream,South,2023-01-19
C102003,Mainstream,South,2024-09-18
C102004,Premium,Midwest,2024-02-13
C102005,Mainstream,Northeast,2022-12-22
C102006,Mainstream,Northeast,2022-12-31
C102007,Value Shopper,Northeast,2024-04-23
C102008,Occasional,South,2024-10-02
C102009,Mainstream,Midwest,2023-11-29
C102010,Premium,Midwest,2024-03-05
C102011,Value Shopper,West,2024-09-27
C102012,Mainstream,Midwest,2024-04-21
C102013,Value Shopper,Midwest,2023-06-04
C102014,Mainstream,Northeast,2024-04-23
C102015,Occasional,Northeast,2024-05-06
C102016,Mainstream,South,2024-08-03
C102017,Value Shopper,South,2024-04-30
C102018,Value Shopper,South,2025-02-16
C102019,Mainstream,Northeast,2023-05-12
C102020,Value Shopper,South,2025-02-01
C102021,Value Shopper,Northeast,2024-02-21
C102022,Premium,Northeast,2024-06-12
C102023,Mainstream,Northeast,2023-02-19
C102024,Value Shopper,Northeast,2023-10-12
C102025,Occasional,Midwest,2024-09-01
C102026,Value Shopper,Northeast,2024-07-11
C102027,Occasional,West,2022-12-31
C102028,Mainstream,Midwest,2024-02-28
C102029,Occasional,Northeast,2023-02-09
C102030,Mainstream,Northeast,2025-03-10
C102031,Occasional,South,2024-12-17
C102032,Occasional,Northeast,2022-12-15
C102033,Value Shopper,West,2024-11-15
C102034,Occasional,West,2025-01-05
C102035,Mainstream,Northeast,2023-09-20
C102036,Mainstream,Midwest,2024-07-21
C102037,Mainstream,Northeast,2023-12-03
C102038,Mainstream,South,2024-05-29
C102039,Value Shopper,Midwest,2023-09-09
C102040,Mainstream,Northeast,2023-08-25
C102041,Mainstream,Northeast,2023-11-18
C102042,Premium,South,2023-03-29
C102043,Occasional,Midwest,2024-10-23
C102044,Mainstream,Northeast,2023-09-16
C102045,Mainstream,South,2023-10-29
C102046,Value Shopper,South,2024-12-15
C102047,Value Shopper,West,2024-01-17
C102048,Value Shopper,Northeast,2024-02-26
C102049,Mainstream,South,2025-02-05
C102050,Value Shopper,South,2024-12-09
C102051,Occasional,Northeast,2023-04-19
C102052,Mainstream,South,2023-12-29
C102053,Mainstream,Midwest,2025-02-17
C102054,Mainstream,West,2023-10-06
C102055,Value Shopper,Northeast,2023-10-05
C102056,Mainstream,South,2023-05-10
C102057,Mainstream,Midwest,2023-03-03
C102058,Mainstream,West,2024-08-08
C102059,Mainstream,Midwest,2024-09-02
C102060,Occasional,West,2025-02-16
C102061,Occasional,West,2024-09-05
C102062,Mainstream,Northeast,2023-06-19
C102063,Mainstream,West,2022-12-31
C102064,Mainstream,West,2025-03-01
C102065,Value Shopper,Northeast,2023-09-09
C102066,Mainstream,Midwest,2023-08-16
C102067,Value Shopper,South,2024-12-25
C102068,Mainstream,Midwest,2024-03-31
C102069,Mainstream,Northeast,2023-05-27
C102070,Value Shopper,Northeast,2024-12-11
C102071,Occasional,Midwest,2025-03-08
C102072,Occasional,Midwest,2023-02-08
C102073,Premium,Northeast,2024-11-18
C102074,Mainstream,West,2023-10-21
C102075,Occasional,South,2024-02-09
C102076,Value Shopper,Northeast,2025-01-01
C102077,Premium,South,2025-02-19
C102078,Value Shopper,South,2023-07-05
C102079,Premium,West,2023-05-25
C102080,Value Shopper,Northeast,2023-02-03
C102081,Occasional,Northeast,2024-03-11
C102082,Occasional,West,2022-12-09
C102083,Value Shopper,West,2023-11-08
C102084,Mainstream,South,2023-01-28
C102085,Occasional,South,2023-11-02
C102086,Mainstream,Northeast,2022-12-31
C102087,Occasional,South,2024-10-26
C102088,Mainstream,Northeast,2023-05-22
C102089,Mainstream,Northeast,2023-08-30
C102090,Value Shopper,West,2024-11-25
C102091,Value Shopper,Northeast,2024-08-13
C102092,Premium,Midwest,2023-05-30
C102093,Mainstream,West,2023-01-27
C102094,Mainstream,Northeast,2024-07-18
C102095,Mainstream,West,2023-10-21
C102096,Mainstream,West,2024-08-29
C102097,Occasional,South,2023-12-06
C102098,Occasional,Northeast,2023-09-13
C102099,Mainstream,Midwest,2023-12-11
C102100,Occasional,Midwest,2024-08-15
C102101,Premium,Midwest,2024-12-22
C102102,Mainstream,Midwest,2023-01-08
C102103,Occasional,West,2024-02-09
C102104,Value Shopper,Northeast,2022-12-25
C102105,Value Shopper,South,2023-12-25
C102106,Occasional,Northeast,2024-12-07
C102107,Mainstream,South,2023-09-27
C102108,Occasional,West,2025-01-16
C102109,Occasional,Midwest,2024-05-08
C102110,Value Shopper,Northeast,2025-01-17
C102111,Occasional,South,2024-08-22
C102112,Mainstream,South,2023-02-22
C102113,Mainstream,South,2023-06-09
C102114,Mainstream,Midwest,2023-10-24
C102115,Occasional,Northeast,2023-04-19
C102116,Value Shopper,West,2024-01-15
C102117,Mainstream,West,2023-12-28
C102118,Premium,Midwest,2025-02-05
C102119,Premium,West,2023-11-26
C102120,Premium,Midwest,2024-09-15
C102121,Value Shopper,Midwest,2025-01-24
C102122,Value Shopper,Northeast,2024-11-30
C102123,Mainstream,Midwest,2023-05-21
C102124,Occasional,South,2024-01-16
C102125,Value Shopper,Northeast,2023-09-15
C102126,Value Shopper,Midwest,2023-10-29
C102127,Occasional,South,2023-09-26
C102128,Value Shopper,South,2024-10-19
C102129,Occasional,South,2023-12-11
C102130,Premium,West,2024-02-08
C102131,Occasional,Northeast,2025-02-27
C102132,Value Shopper,South,2023-01-17
C102133,Value Shopper,South,2024-01-09
C102134,Premium,South,2024-09-05
C102135,Occasional,Midwest,2023-04-03
C102136,Premium,Northeast,2024-04-22
C102137,Value Shopper,West,2023-06-16
C102138,Premium,Midwest,2024-11-22
C102139,Premium,West,2023-08-29
C102140,Premium,South,2023-08-30
C102141,Premium,South,2024-04-11
C102142,Occasional,West,2023-04-30
C102143,Mainstream,South,2023-07-24
C102144,Value Shopper,Midwest,2023-11-12
C102145,Mainstream,South,2023-09-20
C102146,Value Shopper,West,2024-02-09
C102147,Mainstream,Midwest,2024-04-12
C102148,Mainstream,Midwest,2024-03-15
C102149,Value Shopper,Northeast,2024-05-28
C102150,Mainstream,West,2023-08-12
C102151,Value Shopper,Northeast,2023-03-13
C102152,Occasional,South,2024-08-25
C102153,Occasional,Midwest,2024-11-08
C102154,Value Shopper,Midwest,2023-07-01
C102155,Occasional,South,2023-11-04
C102156,Mainstream,Northeast,2024-01-18
C102157,Value Shopper,South,2024-02-16
C102158,Value Shopper,South,2024-06-01
C102159,Mainstream,West,2023-01-01
C102160,Premium,Northeast,2024-07-23
C102161,Premium,West,2023-01-18
C102162,Value Shopper,South,2023-12-25
C102163,Value Shopper,West,2024-10-20
C102164,Mainstream,Midwest,2023-12-11
C102165,Value Shopper,South,2023-04-01
C102166,Value Shopper,West,2025-03-01
C102167,Value Shopper,West,2024-12-11
C102168,Occasional,Midwest,2024-09-03
C102169,Occasional,Northeast,2023-11-07
C102170,Mainstream,Midwest,2023-05-01
C102171,Occasional,Midwest,2025-01-23
C102172,Mainstream,Midwest,2024-02-16
C102173,Mainstream,Northeast,2024-11-10
C102174,Value Shopper,West,2023-09-10
C102175,Mainstream,Northeast,2023-09-04
C102176,Occasional,South,2025-03-01
C102177,Mainstream,Northeast,2024-02-07
C102178,Mainstream,Midwest,2023-03-25
C102179,Mainstream,Northeast,2023-05-31
C102180,Value Shopper,Northeast,2024-01-04
C102181,Occasional,South,2023-01-02
C102182,Mainstream,West,2023-12-20
C102183,Mainstream,Northeast,2023-11-14
C102184,Mainstream,Midwest,2024-09-10
C102185,Mainstream,Midwest,2023-09-21
C102186,Value Shopper,West,2025-02-27
C102187,Premium,South,2023-04-28
C102188,Value Shopper,South,2024-04-05
C102189,Premium,South,2023-02-11
C102190,Occasional,West,2024-08-02
C102191,Occasional,Northeast,2025-03-09
C102192,Mainstream,Midwest,2024-10-13
C102193,Mainstream,West,2024-03-06
C102194,Value Shopper,South,2024-01-07
C102195,Premium,South,2024-10-26
C102196,Value Shopper,South,2025-01-19
C102197,Mainstream,Midwest,2025-03-04
C102198,Value Shopper,South,2023-10-26
C102199,Value Shopper,South,2025-03-06
C102200,Mainstream,Midwest,2023-04-07
C102201,Value Shopper,South,2023-06-28
C102202,Premium,West,2023-02-10
C102203,Mainstream,Northeast,2023-07-13
C102204,Value Shopper,Midwest,2024-08-31
C102205,Mainstream,Midwest,2024-11-10
C102206,Value Shopper,South,2024-09-09
C102207,Value Shopper,Northeast,2024-05-08
C102208,Premium,South,2024-01-31
C102209,Value Shopper,West,2024-07-12
C102210,Occasional,Midwest,2023-10-21
C102211,Value Shopper,West,2024-11-01
C102212,Value Shopper,West,2024-06-16
C102213,Premium,Northeast,2024-07-03
C102214,Mainstream,Northeast,2024-02-19
C102215,Value Shopper,West,2024-12-07
C102216,Mainstream,West,2023-06-27
C102217,Value Shopper,Northeast,2023-10-13
C102218,Occasional,Northeast,2024-09-08
C102219,Mainstream,Northeast,2024-01-13
C102220,Premium,West,2024-12-11
C102221,Occasional,Northeast,2023-09-14
C102222,Mainstream,South,2023-10-03
C102223,Occasional,West,2024-12-10
C102224,Mainstream,Northeast,2023-12-22
C102225,Occasional,South,2024-02-02
C102226,Value Shopper,Northeast,2023-09-02
C102227,Premium,West,2023-07-17
C102228,Mainstream,Midwest,2024-05-29
C102229,Mainstream,South,2023-03-08
C102230,Mainstream,South,2024-12-02
C102231,Premium,Northeast,2024-09-09
C102232,Value Shopper,Northeast,2023-05-06
C102233,Value Shopper,Midwest,2024-06-30
C102234,Premium,Midwest,2024-04-15
C102235,Premium,West,2023-05-01
C102236,Occasional,West,2023-07-14
C102237,Premium,Midwest,2023-11-05
C102238,Occasional,South,2024-07-04
C102239,Premium,South,2024-05-15
C102240,Value Shopper,West,2024-02-16
C102241,Value Shopper,Midwest,2024-08-31
C102242,Premium,Northeast,2024-08-23
C102243,Mainstream,Northeast,2024-04-27
C102244,Value Shopper,South,2024-09-16
C102245,Mainstream,Midwest,2023-09-04
C102246,Occasional,Midwest,2024-12-04
C102247,Mainstream,Northeast,2024-04-25
C102248,Mainstream,South,2024-10-16
C102249,Mainstream,Northeast,2024-02-27
C102250,Value Shopper,Northeast,2023-05-30
C102251,Mainstream,Midwest,2024-02-24
C102252,Mainstream,Northeast,2023-10-04
C102253,Value Shopper,South,2024-07-03
C102254,Premium,Midwest,2023-12-31
C102255,Mainstream,Midwest,2024-10-27
C102256,Occasional,South,2024-06-17
C102257,Occasional,Northeast,2024-06-22
C102258,Value Shopper,Northeast,2023-05-28
C102259,Premium,West,2025-02-28
C102260,Mainstream,Midwest,2024-11-01
C102261,Occasional,Midwest,2024-09-18
C102262,Value Shopper,Northeast,2023-08-31
C102263,Premium,Midwest,2024-02-18
C102264,Mainstream,South,2023-03-22
C102265,Value Shopper,South,2024-02-21
C102266,Value Shopper,South,2023-03-30
C102267,Premium,Northeast,2024-03-04
C102268,Premium,Northeast,2024-05-23
C102269,Mainstream,West,2023-10-20
C102270,Mainstream,West,2024-01-18
C102271,Mainstream,Northeast,2024-11-29
C102272,Premium,Midwest,2023-02-26
C102273,Value Shopper,Northeast,2024-09-20
C102274,Occasional,Northeast,2023-04-20
C102275,Value Shopper,Midwest,2022-12-28
C102276,Mainstream,Northeast,2023-05-02
C102277,Value Shopper,South,2024-08-29
C102278,Value Shopper,South,2023-11-02
C102279,Mainstream,Northeast,2024-11-27
C102280,Value Shopper,Northeast,2024-02-09
C102281,Occasional,West,2022-12-16
C102282,Value Shopper,Northeast,2024-07-19
C102283,Mainstream,South,2023-02-28
C102284,Mainstream,Midwest,2024-09-18
C102285,Value Shopper,South,2023-04-17
C102286,Value Shopper,Midwest,2023-09-13
C102287,Mainstream,Northeast,2024-08-25
C102288,Mainstream,Northeast,2025-02-03
C102289,Mainstream,Northeast,2023-10-05
C102290,Mainstream,Midwest,2024-10-22
C102291,Mainstream,South,2023-05-06
C102292,Value Shopper,Northeast,2024-10-03
C102293,Mainstream,Northeast,2024-05-30
C102294,Occasional,South,2023-05-08
C102295,Mainstream,South,2023-08-08
C102296,Premium,West,2023-03-18
C102297,Mainstream,South,2023-10-14
C102298,Premium,Midwest,2023-05-17
C102299,Premium,South,2024-05-19
C102300,Mainstream,West,2025-03-09
C102301,Occasional,West,2022-12-08
C102302,Value Shopper,Midwest,2024-02-23
C102303,Value Shopper,Northeast,2024-03-21
C102304,Premium,Northeast,2025-01-01
C102305,Occasional,South,2024-01-25
C102306,Value Shopper,South,2024-02-25
C102307,Value Shopper,South,2023-12-28
C102308,Value Shopper,Northeast,2023-07-11
C102309,Value Shopper,South,2023-01-13
C102310,Premium,West,2023-11-05
C102311,Mainstream,Midwest,2023-01-11
C102312,Mainstream,South,2024-03-02
C102313,Mainstream,Midwest,2023-08-12
C102314,Value Shopper,West,2024-02-17
C102315,Value Shopper,West,2023-03-20
C102316,Mainstream,South,2025-01-16
C102317,Occasional,South,2024-12-15
C102318,Occasional,West,2023-05-06
C102319,Value Shopper,Midwest,2023-09-11
C102320,Occasional,Midwest,2024-04-24
C102321,Premium,South,2023-02-16
C102322,Premium,Northeast,2023-09-21
C102323,Mainstream,Midwest,2023-06-26
C102324,Mainstream,West,2025-01-02
C102325,Mainstream,South,2024-11-10
C102326,Value Shopper,Midwest,2024-03-26
C102327,Value Shopper,Northeast,2024-02-06
C102328,Value Shopper,Midwest,2025-01-14
C102329,Mainstream,Midwest,2025-01-16
C102330,Premium,Northeast,2025-02-16
C102331,Mainstream,South,2023-03-13
C102332,Value Shopper,Northeast,2023-04-11
C102333,Occasional,Midwest,2024-06-16
C102334,Occasional,Midwest,2024-02-23
C102335,Premium,West,2022-12-13
C102336,Occasional,Midwest,2023-01-18
C102337,Mainstream,Northeast,2024-12-10
C102338,Occasional,Northeast,2024-11-24
C102339,Value Shopper,South,2023-09-23
C102340,Mainstream,South,2024-12-12
C102341,Value Shopper,Midwest,2024-04-07
C102342,Value Shopper,Midwest,2024-10-02
C102343,Value Shopper,Northeast,2023-11-21
C102344,Mainstream,South,2023-03-03
C102345,Premium,South,2023-11-26
C102346,Mainstream,Northeast,2023-12-16
C102347,Value Shopper,Northeast,2024-03-02
C102348,Occasional,Northeast,2023-02-24
C102349,Mainstream,Northeast,2025-03-06
C102350,Mainstream,South,2023-06-20
C102351,Premium,Northeast,2023-05-13
C102352,Value Shopper,Northeast,2024-02-11
C102353,Mainstream,Northeast,2024-02-20
C102354,Occasional,West,2023-12-01
C102355,Value Shopper,West,2024-09-03
C102356,Mainstream,Northeast,2024-02-02
C102357,Occasional,Midwest,2024-04-20
C102358,Premium,Northeast,2024-07-25
C102359,Value Shopper,Midwest,2022-12-18
C102360,Value Shopper,Northeast,2024-03-19
C102361,Value Shopper,South,2024-12-06
C102362,Mainstream,South,2022-12-12
C102363,Mainstream,West,2023-11-02
C102364,Value Shopper,Northeast,2025-01-11
C102365,Occasional,West,2023-09-19
C102366,Mainstream,South,2023-12-17
C102367,Value Shopper,Northeast,2025-02-26
C102368,Mainstream,Midwest,2023-05-14
C102369,Premium,Northeast,2023-01-21
C102370,Value Shopper,Northeast,2024-11-16
C102371,Value Shopper,Northeast,2024-11-23
C102372,Occasional,South,2023-12-28
C102373,Mainstream,Midwest,2024-01-31
C102374,Mainstream,West,2024-10-27
C102375,Mainstream,Northeast,2024-08-06
C102376,Value Shopper,West,2023-07-08
C102377,Value Shopper,Northeast,2022-12-12
C102378,Mainstream,South,2024-01-02
C102379,Value Shopper,Midwest,2024-11-15
C102380,Value Shopper,Northeast,2024-12-16
C102381,Occasional,West,2025-02-05
C102382,Occasional,Midwest,2024-12-03
C102383,Premium,South,2024-03-27
C102384,Occasional,South,2023-12-05
C102385,Value Shopper,Midwest,2024-09-06
C102386,Occasional,Midwest,2024-08-07
C102387,Value Shopper,South,2024-02-20
C102388,Occasional,Northeast,2023-02-09
C102389,Occasional,South,2025-01-11
C102390,Premium,West,2023-12-14
C102391,Occasional,Northeast,2023-09-28
C102392,Mainstream,Northeast,2024-05-07
C102393,Value Shopper,South,2024-06-13
C102394,Mainstream,Midwest,2023-05-23
C102395,Mainstream,Midwest,2024-10-28
C102396,Value Shopper,Northeast,2023-07-28
C102397,Mainstream,South,2023-05-03
C102398,Occasional,Northeast,2023-11-03
C102399,Value Shopper,Midwest,2024-07-31
C102400,Premium,South,2025-02-13
C102401,Occasional,Northeast,2024-10-05
C102402,Occasional,Midwest,2025-01-23
C102403,Occasional,West,2023-03-25
C102404,Mainstream,South,2023-01-26
C102405,Occasional,West,2024-03-08
C102406,Premium,Midwest,2023-07-29
C102407,Value Shopper,South,2024-10-20
C102408,Mainstream,Northeast,2024-06-12
C102409,Premium,Northeast,2025-02-17
C102410,Value Shopper,Northeast,2023-06-29
C102411,Mainstream,Midwest,2024-01-08
C102412,Premium,West,2024-01-21
C102413,Value Shopper,Midwest,2023-06-16
C102414,Mainstream,South,2024-04-04
C102415,Premium,South,2023-12-04
C102416,Mainstream,South,2023-12-07
C102417,Value Shopper,Midwest,2023-09-27
C102418,Value Shopper,South,2022-12-12
C102419,Mainstream,Midwest,2024-02-07
C102420,Occasional,Northeast,2023-09-04
C102421,Value Shopper,West,2022-11-29
C102422,Mainstream,Northeast,2023-08-13
C102423,Value Shopper,Northeast,2023-07-19
C102424,Mainstream,West,2023-10-23
C102425,Occasional,Midwest,2023-03-18
C102426,Premium,South,2024-01-26
C102427,Value Shopper,Midwest,2024-06-29
C102428,Mainstream,Midwest,2024-05-08
C102429,Value Shopper,Northeast,2024-09-30
C102430,Mainstream,Midwest,2023-12-11
C102431,Premium,Midwest,2024-02-04
C102432,Value Shopper,South,2024-10-06
C102433,Value Shopper,South,2023-11-21
C102434,Mainstream,West,2024-07-06
C102435,Occasional,Northeast,2023-11-27
C102436,Occasional,South,2023-11-13
C102437,Value Shopper,South,2024-08-25
C102438,Premium,West,2023-04-23
C102439,Mainstream,Northeast,2023-09-07
C102440,Mainstream,South,2023-06-03
C102441,Premium,West,2023-09-24
C102442,Occasional,Northeast,2023-06-09
C102443,Occasional,West,2024-03-26
C102444,Mainstream,Northeast,2024-09-25
C102445,Mainstream,South,2024-09-16
C102446,Premium,West,2023-09-29
C102447,Value Shopper,South,2025-03-04
C102448,Mainstream,Midwest,2024-04-07
C102449,Mainstream,Northeast,2023-10-28
C102450,Premium,West,2024-10-27
C102451,Value Shopper,Midwest,2024-07-30
C102452,Value Shopper,Northeast,2024-08-15
C102453,Occasional,South,2023-05-11
C102454,Value Shopper,Midwest,2023-12-25
C102455,Mainstream,Northeast,2024-11-18
C102456,Value Shopper,Northeast,2024-01-23
C102457,Value Shopper,Northeast,2024-06-21
C102458,Value Shopper,South,2024-04-02
C102459,Value Shopper,South,2024-11-01
C102460,Occasional,South,2023-07-24
C102461,Value Shopper,West,2024-03-23
C102462,Occasional,West,2023-03-11
C102463,Mainstream,South,2024-06-27
C102464,Mainstream,Northeast,2024-08-01
C102465,Mainstream,South,2023-01-02
C102466,Mainstream,Midwest,2024-06-15
C102467,Premium,South,2023-11-10
C102468,Value Shopper,South,2023-03-11
C102469,Mainstream,Midwest,2023-11-14
C102470,Occasional,West,2023-05-09
C102471,Occasional,Northeast,2023-11-11
C102472,Occasional,South,2023-10-16
C102473,Mainstream,Northeast,2024-08-06
C102474,Premium,West,2024-09-05
C102475,Mainstream,Northeast,2024-04-18
C102476,Mainstream,Northeast,2022-12-17
C102477,Value Shopper,Midwest,2025-01-15
C102478,Mainstream,Midwest,2024-06-24
C102479,Value Shopper,Northeast,2022-12-26
C102480,Mainstream,South,2024-10-13
C102481,Occasional,Midwest,2023-05-14
C102482,Value Shopper,Northeast,2024-03-26
C102483,Value Shopper,Midwest,2023-12-24
C102484,Value Shopper,West,2023-11-14
C102485,Occasional,South,2024-12-11
C102486,Mainstream,South,2023-11-29
C102487,Mainstream,South,2023-01-30
C102488,Occasional,Midwest,2025-01-28
C102489,Occasional,Northeast,2025-01-06
C102490,Mainstream,Northeast,2024-06-22
C102491,Premium,West,2023-12-25
C102492,Premium,West,2023-02-13
C102493,Premium,Midwest,2024-09-19
C102494,Value Shopper,Northeast,2023-01-30
C102495,Occasional,Northeast,2023-01-24
C102496,Mainstream,Midwest,2024-02-20
C102497,Value Shopper,South,2023-04-11
C102498,Mainstream,Northeast,2022-12-04
C102499,Value Shopper,West,2023-11-17
C102500,Value Shopper,Midwest,2023-03-22
C102501,Premium,West,2023-04-11
C102502,Value Shopper,South,2023-01-31
C102503,Mainstream,South,2023-05-18
C102504,Mainstream,South,2024-07-18
C102505,Value Shopper,South,2024-10-04
C102506,Occasional,South,2023-12-12
C102507,Value Shopper,South,2024-01-25
C102508,Mainstream,South,2022-12-25
C102509,Mainstream,West,2023-01-25
C102510,Value Shopper,South,2023-07-01
C102511,Value Shopper,South,2024-02-25
C102512,Premium,West,2024-08-07
C102513,Occasional,Northeast,2024-04-16
C102514,Value Shopper,Northeast,2023-10-22
C102515,Premium,Midwest,2023-03-07
C102516,Premium,South,2024-09-11
C102517,Occasional,West,2023-09-28
C102518,Mainstream,Midwest,2024-08-04
C102519,Mainstream,South,2024-01-30
C102520,Mainstream,South,2024-08-06
C102521,Premium,Northeast,2024-12-26
C102522,Occasional,South,2025-01-06
C102523,Value Shopper,West,2024-02-18
C102524,Mainstream,Northeast,2024-01-29
C102525,Occasional,South,2023-07-08
C102526,Occasional,South,2025-01-19
C102527,Occasional,Northeast,2023-12-16
C102528,Premium,Northeast,2023-03-14
C102529,Mainstream,West,2023-11-25
C102530,Mainstream,Midwest,2023-03-14
C102531,Premium,Northeast,2024-01-22
C102532,Value Shopper,Northeast,2024-03-11
C102533,Mainstream,South,2023-09-07
C102534,Premium,South,2023-01-27
C102535,Value Shopper,South,2025-01-25
C102536,Premium,Northeast,2024-09-05
C102537,Mainstream,West,2024-10-29
C102538,Occasional,Midwest,2023-10-01
C102539,Value Shopper,Midwest,2024-08-25
C102540,Value Shopper,Midwest,2024-01-07
C102541,Mainstream,Midwest,2023-05-15
C102542,Value Shopper,West,2023-03-12
C102543,Premium,West,2023-09-13
C102544,Premium,Midwest,2023-03-23
C102545,Value Shopper,West,2025-03-12
C102546,Mainstream,South,2023-01-08
C102547,Mainstream,West,2023-12-02
C102548,Mainstream,Northeast,2023-12-11
C102549,Occasional,South,2023-08-06
C102550,Occasional,Northeast,2024-03-19
C102551,Premium,West,2023-04-02
C102552,Premium,Northeast,2024-09-13
C102553,Mainstream,South,2023-09-02
C102554,Occasional,Midwest,2024-04-05
C102555,Premium,Midwest,2024-07-18
C102556,Premium,South,2024-12-11
C102557,Occasional,West,2024-10-27
C102558,Value Shopper,South,2024-04-19
C102559,Occasional,West,2023-10-19
C102560,Value Shopper,Northeast,2024-01-22
C102561,Mainstream,South,2024-09-01
C102562,Mainstream,Midwest,2024-12-01
C102563,Occasional,Northeast,2023-02-22
C102564,Occasional,South,2023-10-16
C102565,Premium,South,2024-09-07
C102566,Premium,South,2023-11-24
C102567,Mainstream,South,2023-09-02
C102568,Occasional,South,2023-11-07
C102569,Mainstream,Northeast,2024-04-15
C102570,Mainstream,Northeast,2025-03-13
C102571,Value Shopper,South,2024-01-14
C102572,Premium,Northeast,2023-05-21
C102573,Premium,Northeast,2023-04-13
C102574,Mainstream,Midwest,2023-01-02
C102575,Value Shopper,South,2024-03-09
C102576,Occasional,Midwest,2024-02-26
C102577,Value Shopper,South,2023-05-18
C102578,Premium,South,2024-07-01
C102579,Occasional,Midwest,2024-08-09
C102580,Mainstream,South,2023-07-03
C102581,Value Shopper,South,2023-09-12
C102582,Premium,South,2025-03-06
C102583,Occasional,South,2023-10-07
C102584,Mainstream,Northeast,2024-08-25
C102585,Occasional,South,2023-12-12
C102586,Value Shopper,Midwest,2024-09-21
C102587,Mainstream,West,2024-09-01
C102588,Premium,West,2024-06-08
C102589,Occasional,South,2024-11-12
C102590,Value Shopper,Northeast,2025-01-22
C102591,Occasional,Northeast,2024-03-27
C102592,Mainstream,Midwest,2023-06-14
C102593,Mainstream,Midwest,2023-10-28
C102594,Value Shopper,Midwest,2024-08-23
C102595,Occasional,South,2024-05-25
C102596,Value Shopper,Northeast,2023-04-25
C102597,Mainstream,West,2023-01-09
C102598,Value Shopper,Northeast,2024-06-21
C102599,Occasional,West,2023-06-26
C102600,Premium,West,2024-01-19
C102601,Premium,South,2024-08-13
C102602,Value Shopper,South,2024-03-12
C102603,Mainstream,Midwest,2023-02-05
C102604,Mainstream,South,2023-05-02
C102605,Occasional,Midwest,2023-05-30
C102606,Occasional,Midwest,2023-07-02
C102607,Value Shopper,South,2024-03-14
C102608,Premium,Midwest,2024-01-23
C102609,Value Shopper,South,2023-05-17
C102610,Mainstream,Midwest,2023-01-23
C102611,Value Shopper,Midwest,2023-04-20
C102612,Mainstream,Northeast,2025-02-28
C102613,Mainstream,Northeast,2023-12-25
C102614,Mainstream,Northeast,2024-11-22
C102615,Mainstream,Northeast,2024-11-07
C102616,Premium,Northeast,2024-01-29
C102617,Mainstream,West,2024-07-11
C102618,Value Shopper,Northeast,2023-05-08
C102619,Premium,South,2024-06-25
C102620,Value Shopper,Northeast,2023-07-14
C102621,Mainstream,West,2024-10-24
C102622,Premium,Midwest,2023-02-06
C102623,Mainstream,Midwest,2024-09-04
C102624,Value Shopper,South,2023-02-19
C102625,Mainstream,Midwest,2024-12-04
C102626,Occasional,South,2023-08-09
C102627,Mainstream,Northeast,2024-05-28
C102628,Premium,West,2024-01-09
C102629,Mainstream,Midwest,2023-09-30
C102630,Value Shopper,Midwest,2024-05-20
C102631,Mainstream,South,2025-01-29
C102632,Premium,Midwest,2023-01-01
C102633,Value Shopper,West,2025-01-04
C102634,Value Shopper,Midwest,2024-04-20
C102635,Value Shopper,South,2024-10-03
C102636,Mainstream,Northeast,2023-10-15
C102637,Occasional,West,2023-12-28
C102638,Value Shopper,South,2024-11-24
C102639,Mainstream,Northeast,2023-11-10
C102640,Value Shopper,Northeast,2024-02-18
C102641,Occasional,Midwest,2022-12-14
C102642,Value Shopper,West,2023-04-09
C102643,Mainstream,Northeast,2024-05-17
C102644,Premium,Midwest,2024-07-19
C102645,Premium,Northeast,2024-03-29
C102646,Mainstream,Midwest,2023-03-28
C102647,Mainstream,South,2023-12-06
C102648,Mainstream,West,2023-09-21
C102649,Value Shopper,South,2024-01-16
C102650,Value Shopper,West,2024-11-25
C102651,Mainstream,South,2024-09-07
C102652,Value Shopper,Northeast,2023-02-06
C102653,Value Shopper,Midwest,2024-12-12
C102654,Premium,South,2023-12-28
C102655,Occasional,West,2024-08-11
C102656,Mainstream,West,2023-03-25
C102657,Value Shopper,Northeast,2024-06-11
C102658,Value Shopper,Northeast,2023-06-14
C102659,Occasional,Northeast,2023-11-30
C102660,Value Shopper,West,2022-12-12
C102661,Value Shopper,West,2023-04-04
C102662,Mainstream,South,2023-02-13
C102663,Mainstream,Midwest,2023-06-16
C102664,Mainstream,South,2023-02-19
C102665,Value Shopper,Midwest,2024-06-28
C102666,Value Shopper,Northeast,2022-12-22
C102667,Occasional,South,2024-04-27
C102668,Value Shopper,Northeast,2023-03-25
C102669,Premium,Northeast,2025-01-27
C102670,Premium,West,2025-01-16
C102671,Mainstream,South,2023-06-04
C102672,Mainstream,Midwest,2024-04-24
C102673,Value Shopper,South,2022-12-21
C102674,Mainstream,Midwest,2025-01-15
C102675,Occasional,South,2024-02-08
C102676,Occasional,South,2023-01-03
C102677,Value Shopper,South,2023-09-11
C102678,Value Shopper,South,2023-01-31
C102679,Occasional,Northeast,2023-10-23
C102680,Premium,Midwest,2024-06-10
C102681,Occasional,Midwest,2023-12-26
C102682,Value Shopper,Midwest,2023-10-15
C102683,Mainstream,South,2023-03-07
C102684,Premium,Midwest,2023-06-21
C102685,Premium,Northeast,2023-02-19
C102686,Mainstream,Midwest,2024-10-03
C102687,Value Shopper,West,2023-03-21
C102688,Mainstream,Northeast,2024-04-08
C102689,Value Shopper,South,2023-09-11
C102690,Mainstream,Midwest,2023-06-05
C102691,Occasional,Northeast,2024-05-15
C102692,Mainstream,Midwest,2023-12-15
C102693,Occasional,South,2023-10-29
C102694,Value Shopper,South,2024-04-06
C102695,Premium,West,2024-01-12
C102696,Occasional,Midwest,2023-08-09
C102697,Value Shopper,Northeast,2024-03-09
C102698,Value Shopper,West,2024-06-10
C102699,Mainstream,Midwest,2022-12-20
C102700,Value Shopper,South,2023-12-23
C102701,Premium,South,2023-01-15
C102702,Occasional,Midwest,2023-05-03
C102703,Mainstream,South,2024-03-10
C102704,Value Shopper,Northeast,2024-11-21
C102705,Mainstream,Midwest,2024-12-05
C102706,Premium,Northeast,2023-01-25
C102707,Value Shopper,West,2023-11-14
C102708,Mainstream,Northeast,2024-03-29
C102709,Mainstream,South,2023-03-31
C102710,Mainstream,West,2024-08-29
C102711,Value Shopper,South,2024-08-11
C102712,Premium,South,2024-12-22
C102713,Value Shopper,Midwest,2022-12-05
C102714,Value Shopper,Midwest,2023-05-28
C102715,Occasional,Midwest,2024-10-20
C102716,Premium,South,2024-06-10
C102717,Value Shopper,West,2024-12-15
C102718,Value Shopper,West,2023-01-14
C102719,Value Shopper,West,2024-04-10
C102720,Value Shopper,West,2024-03-17
C102721,Value Shopper,Midwest,2022-12-27
C102722,Value Shopper,South,2024-01-31
C102723,Mainstream,West,2024-04-20
C102724,Premium,Midwest,2023-05-07
C102725,Mainstream,West,2023-07-15
C102726,Premium,Midwest,2024-05-16
C102727,Value Shopper,South,2023-12-25
C102728,Occasional,South,2024-11-15
C102729,Occasional,West,2023-09-10
C102730,Occasional,Northeast,2023-07-09
C102731,Occasional,South,2025-03-01
C102732,Occasional,South,2024-12-29
C102733,Mainstream,Northeast,2022-12-22
C102734,Value Shopper,South,2024-09-02
C102735,Mainstream,South,2023-02-28
C102736,Premium,South,2022-12-21
C102737,Premium,Midwest,2023-07-15
C102738,Mainstream,Midwest,2023-07-11
C102739,Value Shopper,South,2024-10-13
C102740,Mainstream,Midwest,2024-07-14
C102741,Occasional,Northeast,2025-02-26
C102742,Mainstream,West,2024-07-15
C102743,Mainstream,South,2023-11-13
C102744,Value Shopper,South,2024-07-04
C102745,Mainstream,Midwest,2025-03-13
C102746,Occasional,Midwest,2024-07-14
C102747,Premium,Midwest,2024-08-26
C102748,Premium,Midwest,2025-01-21
C102749,Mainstream,South,2023-03-03
C102750,Mainstream,South,2024-07-09
C102751,Value Shopper,Midwest,2024-11-08
C102752,Premium,Northeast,2025-02-03
C102753,Mainstream,Midwest,2023-05-23
C102754,Mainstream,Northeast,2024-01-23
C102755,Mainstream,Northeast,2024-06-19
C102756,Occasional,West,2023-06-23
C102757,Value Shopper,South,2024-04-13
C102758,Occasional,South,2023-07-01
C102759,Value Shopper,Midwest,2023-09-03
C102760,Mainstream,West,2023-12-02
C102761,Value Shopper,South,2024-02-13
C102762,Mainstream,South,2023-12-09
C102763,Mainstream,Midwest,2024-01-14
C102764,Value Shopper,West,2023-08-05
C102765,Mainstream,West,2023-04-10
C102766,Occasional,West,2023-01-06
C102767,Value Shopper,Northeast,2023-05-11
C102768,Premium,Northeast,2024-03-28
C102769,Mainstream,Midwest,2024-09-15
C102770,Premium,Northeast,2023-04-18
C102771,Value Shopper,West,2023-02-26
C102772,Value Shopper,Northeast,2024-08-15
C102773,Value Shopper,Northeast,2023-08-10
C102774,Value Shopper,Northeast,2025-02-01
C102775,Value Shopper,Northeast,2024-07-17
C102776,Premium,Northeast,2023-08-28
C102777,Occasional,South,2023-07-28
C102778,Occasional,South,2024-02-08
C102779,Premium,Northeast,2023-02-02
C102780,Value Shopper,Midwest,2023-03-06
C102781,Value Shopper,Midwest,2023-04-24
C102782,Mainstream,Northeast,2024-09-06
C102783,Value Shopper,South,2024-01-31
C102784,Mainstream,South,2022-12-06
C102785,Mainstream,South,2024-06-13
C102786,Mainstream,South,2023-11-18
C102787,Mainstream,Northeast,2024-01-29
C102788,Occasional,West,2023-05-26
C102789,Premium,West,2024-03-03
C102790,Mainstream,West,2025-02-24
C102791,Occasional,Northeast,2023-01-28
C102792,Occasional,West,2023-07-23
C102793,Mainstream,West,2023-06-19
C102794,Mainstream,West,2023-06-24
C102795,Mainstream,Northeast,2023-10-11
C102796,Occasional,South,2024-10-12
C102797,Occasional,West,2024-12-30
C102798,Value Shopper,South,2023-05-16
C102799,Mainstream,South,2024-02-24
C102800,Mainstream,West,2024-05-13
C102801,Mainstream,Midwest,2024-02-07
C102802,Value Shopper,South,2023-11-26
C102803,Occasional,Midwest,2023-05-07
C102804,Premium,West,2024-01-10
C102805,Occasional,Northeast,2023-10-30
C102806,Occasional,South,2024-09-23
C102807,Premium,South,2024-08-27
C102808,Mainstream,South,2023-03-20
C102809,Mainstream,South,2023-02-10
C102810,Value Shopper,West,2024-12-27
C102811,Premium,West,2024-02-18
C102812,Value Shopper,Northeast,2024-11-14
C102813,Premium,Midwest,2023-01-15
C102814,Value Shopper,Northeast,2024-02-11
C102815,Value Shopper,Midwest,2024-02-22
C102816,Value Shopper,South,2024-11-17
C102817,Value Shopper,West,2023-02-17
C102818,Premium,West,2023-06-17
C102819,Premium,Northeast,2023-11-03
C102820,Mainstream,Northeast,2024-11-21
C102821,Value Shopper,South,2025-01-21
C102822,Value Shopper,South,2025-03-07
C102823,Value Shopper,Northeast,2025-02-07
C102824,Value Shopper,West,2022-12-02
C102825,Occasional,West,2023-01-06
C102826,Value Shopper,Midwest,2023-03-31
C102827,Mainstream,West,2023-09-16
C102828,Value Shopper,Midwest,2024-10-22
C102829,Value Shopper,South,2024-12-14
C102830,Mainstream,Midwest,2023-05-03
C102831,Mainstream,Northeast,2024-04-29
C102832,Value Shopper,West,2025-01-03
C102833,Value Shopper,Midwest,2023-12-21
C102834,Mainstream,South,2023-02-22
C102835,Value Shopper,Midwest,2023-12-16
C102836,Value Shopper,Northeast,2023-10-08
C102837,Occasional,Northeast,2024-03-25
C102838,Mainstream,Midwest,2023-11-30
C102839,Mainstream,South,2022-12-12
C102840,Mainstream,Midwest,2025-03-08
C102841,Mainstream,South,2024-02-25
C102842,Mainstream,South,2023-12-29
C102843,Premium,South,2025-02-03
C102844,Premium,Midwest,2023-04-07
C102845,Value Shopper,West,2023-05-05
C102846,Mainstream,Midwest,2024-10-04
C102847,Mainstream,Midwest,2023-07-04
C102848,Occasional,Northeast,2024-09-26
C102849,Mainstream,Midwest,2023-07-13
C102850,Mainstream,Northeast,2022-12-25
C102851,Value Shopper,South,2024-02-03
C102852,Mainstream,Northeast,2023-05-11
C102853,Value Shopper,Midwest,2024-08-23
C102854,Mainstream,South,2024-05-17
C102855,Value Shopper,Midwest,2025-01-08
C102856,Premium,Northeast,2024-09-13
C102857,Value Shopper,Northeast,2023-04-28
C102858,Mainstream,South,2024-09-27
C102859,Occasional,Northeast,2024-05-17
C102860,Value Shopper,Midwest,2024-06-09
C102861,Mainstream,South,2024-10-24
C102862,Mainstream,South,2024-03-21
C102863,Value Shopper,South,2023-12-23
C102864,Premium,West,2024-05-13
C102865,Value Shopper,Northeast,2023-08-04
C102866,Mainstream,Midwest,2023-04-30
C102867,Mainstream,Midwest,2024-04-26
C102868,Mainstream,Northeast,2023-06-11
C102869,Premium,Midwest,2023-02-02
C102870,Value Shopper,Midwest,2022-11-28
C102871,Value Shopper,South,2024-04-19
C102872,Premium,South,2023-09-27
C102873,Mainstream,Midwest,2024-08-18
C102874,Occasional,South,2023-10-08
C102875,Occasional,Midwest,2024-01-08
C102876,Occasional,Midwest,2023-11-04
C102877,Mainstream,South,2024-05-25
C102878,Mainstream,Northeast,2023-09-22
C102879,Premium,Northeast,2025-02-11
C102880,Mainstream,Midwest,2025-01-19
C102881,Value Shopper,West,2024-11-06
C102882,Occasional,South,2025-01-06
C102883,Occasional,Northeast,2023-12-09
C102884,Mainstream,West,2024-02-19
C102885,Value Shopper,South,2024-08-09
C102886,Mainstream,South,2024-07-02
C102887,Occasional,West,2024-12-12
C102888,Occasional,Midwest,2024-07-19
C102889,Value Shopper,Northeast,2025-03-12
C102890,Value Shopper,South,2023-09-16
C102891,Occasional,South,2024-10-25
C102892,Mainstream,South,2024-07-03
C102893,Mainstream,South,2024-06-28
C102894,Occasional,West,2023-08-28
C102895,Value Shopper,West,2024-09-15
C102896,Mainstream,West,2024-12-20
C102897,Value Shopper,West,2023-05-30
C102898,Mainstream,West,2024-05-04
C102899,Occasional,Northeast,2023-10-22
C102900,Mainstream,Northeast,2025-03-05
C102901,Occasional,Midwest,2024-01-02
C102902,Mainstream,West,2023-06-07
C102903,Mainstream,South,2023-10-13
C102904,Value Shopper,South,2024-05-27
C102905,Mainstream,Northeast,2023-01-30
C102906,Mainstream,Northeast,2024-04-15
C102907,Value Shopper,South,2025-01-15
C102908,Mainstream,Northeast,2024-11-08
C102909,Mainstream,Midwest,2023-01-23
C102910,Premium,Northeast,2025-03-08
C102911,Premium,Midwest,2024-07-04
C102912,Premium,South,2023-04-12
C102913,Value Shopper,Midwest,2022-12-08
C102914,Value Shopper,South,2023-04-20
C102915,Premium,Northeast,2024-10-29
C102916,Mainstream,West,2022-12-16
C102917,Value Shopper,Midwest,2023-06-11
C102918,Occasional,South,2024-08-22
C102919,Premium,South,2024-04-01
C102920,Mainstream,Northeast,2024-09-12
C102921,Value Shopper,West,2024-08-13
C102922,Premium,South,2023-01-09
C102923,Mainstream,Midwest,2024-12-13
C102924,Premium,Northeast,2023-06-06
C102925,Premium,West,2024-03-04
C102926,Occasional,South,2024-05-19
C102927,Mainstream,Northeast,2023-04-18
C102928,Value Shopper,Midwest,2025-02-22
C102929,Premium,West,2024-01-10
C102930,Mainstream,South,2023-01-15
C102931,Premium,South,2025-01-20
C102932,Value Shopper,Midwest,2024-04-01
C102933,Value Shopper,South,2024-07-04
C102934,Occasional,Midwest,2024-02-10
C102935,Premium,Northeast,2024-10-26
C102936,Occasional,South,2022-12-25
C102937,Premium,West,2023-07-10
C102938,Mainstream,Midwest,2023-12-26
C102939,Premium,Midwest,2023-01-31
C102940,Occasional,South,2024-07-10
C102941,Mainstream,South,2023-10-23
C102942,Mainstream,West,2023-07-14
C102943,Value Shopper,South,2022-11-30
C102944,Mainstream,Northeast,2024-07-22
C102945,Premium,West,2024-10-25
C102946,Value Shopper,South,2023-10-25
C102947,Value Shopper,West,2024-03-13
C102948,Mainstream,South,2023-06-06
C102949,Value Shopper,West,2024-05-01
C102950,Value Shopper,Northeast,2022-12-08
C102951,Mainstream,Midwest,2024-01-10
C102952,Occasional,West,2024-05-19
C102953,Mainstream,Northeast,2025-01-04
C102954,Value Shopper,Northeast,2023-10-13
C102955,Value Shopper,South,2024-08-29
C102956,Premium,West,2024-04-10
C102957,Mainstream,Northeast,2025-01-11
C102958,Occasional,West,2023-10-27
C102959,Premium,South,2023-08-22
C102960,Premium,South,2024-12-09
C102961,Value Shopper,West,2023-01-08
C102962,Premium,Midwest,2023-03-22
C102963,Value Shopper,Northeast,2023-02-05
C102964,Occasional,Midwest,2024-11-02
C102965,Mainstream,South,2022-12-06
C102966,Mainstream,South,2024-11-18
C102967,Value Shopper,West,2023-12-11
C102968,Value Shopper,South,2022-12-01
C102969,Premium,South,2023-10-30
C102970,Value Shopper,South,2023-05-03
C102971,Mainstream,Northeast,2024-05-03
C102972,Value Shopper,Northeast,2024-06-18
C102973,Premium,West,2024-01-09
C102974,Occasional,Northeast,2022-12-31
C102975,Premium,Northeast,2024-05-29
C102976,Premium,South,2024-11-01
C102977,Value Shopper,Midwest,2024-07-22
C102978,Value Shopper,West,2024-10-22
C102979,Premium,Midwest,2023-05-15
C102980,Mainstream,Northeast,2024-12-10
C102981,Mainstream,Midwest,2023-08-24
C102982,Value Shopper,South,2022-12-09
C102983,Value Shopper,Midwest,2024-11-02
C102984,Value Shopper,South,2025-01-24
C102985,Occasional,West,2024-05-29
C102986,Value Shopper,West,2023-06-09
C102987,Mainstream,Northeast,2023-06-26
C102988,Value Shopper,Midwest,2023-12-24
C102989,Premium,South,2024-12-18
C102990,Mainstream,West,2023-04-02
C102991,Occasional,West,2024-10-19
C102992,Occasional,Northeast,2023-07-30
C102993,Mainstream,South,2024-10-04
C102994,Occasional,Midwest,2025-01-06
C102995,Occasional,Northeast,2023-11-21
C102996,Occasional,Northeast,2023-09-29
C102997,Occasional,Midwest,2024-09-29
C102998,Value Shopper,Midwest,2024-02-13
C102999,Mainstream,Northeast,2024-06-22
C103000,Value Shopper,South,2024-05-01
C103001,Value Shopper,Midwest,2023-04-05
C103002,Occasional,South,2024-11-03
C103003,Mainstream,Midwest,2023-05-11
C103004,Premium,Northeast,2025-01-16
C103005,Occasional,Midwest,2023-06-25
C103006,Occasional,Northeast,2024-08-02
C103007,Occasional,South,2023-07-24
C103008,Value Shopper,Northeast,2023-08-21
C103009,Value Shopper,South,2023-08-14
C103010,Mainstream,Northeast,2024-08-14
C103011,Value Shopper,South,2024-03-07
C103012,Value Shopper,South,2024-12-05
C103013,Mainstream,Northeast,2023-08-12
C103014,Premium,Midwest,2024-06-28
C103015,Mainstream,Northeast,2024-08-18
C103016,Mainstream,South,2023-04-03
C103017,Premium,Northeast,2023-10-29
C103018,Value Shopper,South,2024-01-05
C103019,Value Shopper,South,2023-09-22
C103020,Premium,West,2023-08-24
C103021,Mainstream,South,2024-06-24
C103022,Premium,South,2023-05-27
C103023,Value Shopper,Midwest,2024-07-13
C103024,Occasional,West,2025-01-18
C103025,Mainstream,South,2024-03-14
C103026,Mainstream,Midwest,2024-04-22
C103027,Mainstream,West,2023-01-24
C103028,Occasional,Midwest,2024-11-20
C103029,Mainstream,West,2023-07-25
C103030,Mainstream,West,2024-04-25
C103031,Occasional,Northeast,2025-02-24
C103032,Premium,South,2024-04-09
C103033,Mainstream,Midwest,2024-07-26
C103034,Premium,Midwest,2023-12-06
C103035,Mainstream,Midwest,2023-01-17
C103036,Value Shopper,South,2024-09-25
C103037,Mainstream,Northeast,2022-12-27
C103038,Occasional,Northeast,2024-07-06
C103039,Occasional,South,2022-12-17
C103040,Mainstream,Northeast,2024-11-18
C103041,Mainstream,Northeast,2023-04-09
C103042,Value Shopper,Northeast,2024-01-31
C103043,Occasional,Midwest,2024-04-10
C103044,Occasional,Midwest,2023-12-16
C103045,Mainstream,Northeast,2023-09-09
C103046,Occasional,West,2023-12-25
C103047,Premium,South,2023-08-15
C103048,Mainstream,Midwest,2023-11-30
C103049,Value Shopper,Midwest,2023-09-24
C103050,Mainstream,Midwest,2024-03-15
C103051,Premium,South,2023-06-15
C103052,Premium,Northeast,2025-03-04
C103053,Mainstream,Northeast,2024-01-20
C103054,Occasional,West,2023-05-09
C103055,Value Shopper,Northeast,2024-01-01
C103056,Mainstream,Midwest,2024-11-22
C103057,Premium,West,2022-12-16
C103058,Premium,South,2024-06-18
C103059,Mainstream,Midwest,2024-02-29
C103060,Value Shopper,South,2023-04-19
C103061,Value Shopper,Northeast,2024-10-12
C103062,Mainstream,South,2023-10-03
C103063,Mainstream,Midwest,2023-08-01
C103064,Value Shopper,West,2024-10-20
C103065,Premium,West,2024-05-15
C103066,Mainstream,West,2024-12-18
C103067,Premium,West,2024-05-07
C103068,Occasional,South,2024-08-08
C103069,Value Shopper,Midwest,2024-10-27
C103070,Value Shopper,Midwest,2023-01-12
C103071,Premium,South,2024-09-07
C103072,Mainstream,West,2024-04-24
C103073,Premium,Northeast,2023-01-25
C103074,Occasional,West,2024-01-27
C103075,Occasional,West,2023-02-05
C103076,Occasional,West,2024-08-04
C103077,Mainstream,West,2024-02-27
C103078,Mainstream,Northeast,2025-02-03
C103079,Mainstream,Northeast,2023-04-30
C103080,Value Shopper,Northeast,2024-04-17
C103081,Mainstream,Midwest,2023-05-24
C103082,Value Shopper,South,2024-04-24
C103083,Occasional,West,2024-07-24
C103084,Mainstream,West,2024-07-24
C103085,Mainstream,South,2024-10-10
C103086,Mainstream,Northeast,2024-11-11
C103087,Value Shopper,Northeast,2023-01-31
C103088,Value Shopper,Northeast,2023-09-11
C103089,Mainstream,Midwest,2024-06-24
C103090,Value Shopper,South,2024-01-18
C103091,Mainstream,Northeast,2023-05-06
C103092,Occasional,Midwest,2024-03-04
C103093,Occasional,Northeast,2023-11-04
C103094,Premium,South,2023-10-20
C103095,Value Shopper,Midwest,2024-10-05
C103096,Occasional,Midwest,2023-11-04
C103097,Occasional,Midwest,2022-12-20
C103098,Value Shopper,West,2023-01-15
C103099,Premium,Northeast,2024-11-13
C103100,Value Shopper,South,2025-02-08
C103101,Occasional,South,2024-06-25
C103102,Occasional,South,2023-09-29
C103103,Value Shopper,West,2025-01-21
C103104,Occasional,Midwest,2024-06-04
C103105,Mainstream,Midwest,2024-11-03
C103106,Occasional,Northeast,2024-08-29
C103107,Mainstream,South,2023-10-11
C103108,Occasional,Midwest,2024-01-02
C103109,Value Shopper,Northeast,2023-05-02
C103110,Mainstream,South,2023-07-30
C103111,Value Shopper,South,2024-09-09
C103112,Occasional,Northeast,2024-12-15
C103113,Occasional,South,2024-07-26
C103114,Occasional,South,2023-12-22
C103115,Occasional,Northeast,2023-02-08
C103116,Value Shopper,Midwest,2023-01-14
C103117,Mainstream,South,2023-10-07
C103118,Value Shopper,South,2023-12-21
C103119,Value Shopper,Midwest,2024-04-20
C103120,Value Shopper,Midwest,2022-12-03
C103121,Mainstream,South,2025-03-05
C103122,Value Shopper,West,2023-09-28
C103123,Value Shopper,South,2024-11-06
C103124,Value Shopper,Northeast,2024-02-18
C103125,Value Shopper,Midwest,2023-03-17
C103126,Occasional,West,2024-09-25
C103127,Premium,Northeast,2024-07-13
C103128,Occasional,West,2024-02-11
C103129,Mainstream,West,2024-02-01
C103130,Value Shopper,Northeast,2023-02-09
C103131,Premium,West,2024-05-29
C103132,Mainstream,Midwest,2024-12-29
C103133,Value Shopper,West,2023-02-14
C103134,Value Shopper,Midwest,2023-07-06
C103135,Value Shopper,Midwest,2024-12-22
C103136,Value Shopper,South,2023-07-24
C103137,Mainstream,South,2024-05-28
C103138,Premium,Northeast,2024-02-18
C103139,Value Shopper,South,2024-04-09
C103140,Value Shopper,Northeast,2023-11-11
C103141,Occasional,Midwest,2023-08-06
C103142,Value Shopper,Midwest,2023-01-07
C103143,Mainstream,Midwest,2024-08-11
C103144,Occasional,Midwest,2024-08-13
C103145,Value Shopper,Northeast,2024-06-11
C103146,Value Shopper,Northeast,2024-05-19
C103147,Mainstream,Northeast,2023-06-20
C103148,Mainstream,Midwest,2022-12-16
C103149,Mainstream,West,2024-10-04
C103150,Occasional,Northeast,2024-01-12
C103151,Value Shopper,West,2023-08-12
C103152,Mainstream,South,2023-02-21
C103153,Mainstream,South,2023-01-19
C103154,Value Shopper,South,2023-09-16
C103155,Mainstream,West,2024-10-01
C103156,Value Shopper,Northeast,2025-01-04
C103157,Mainstream,South,2024-12-17
C103158,Value Shopper,South,2025-01-05
C103159,Mainstream,South,2024-12-26
C103160,Mainstream,West,2024-02-11
C103161,Occasional,Northeast,2023-05-30
C103162,Value Shopper,South,2024-09-25
C103163,Mainstream,South,2023-05-26
C103164,Mainstream,Midwest,2023-07-09
C103165,Premium,Midwest,2023-06-11
C103166,Mainstream,South,2024-02-01
C103167,Premium,West,2023-08-24
C103168,Premium,Midwest,2023-04-06
C103169,Occasional,West,2023-12-12
C103170,Mainstream,Midwest,2024-11-28
C103171,Mainstream,Northeast,2024-03-19
C103172,Occasional,Northeast,2024-12-02
C103173,Occasional,Northeast,2023-05-11
C103174,Occasional,Midwest,2023-04-16
C103175,Mainstream,Midwest,2024-03-23
C103176,Value Shopper,South,2023-12-21
C103177,Mainstream,South,2024-06-02
C103178,Premium,Northeast,2024-09-22
C103179,Mainstream,Northeast,2024-08-17
C103180,Mainstream,Northeast,2025-01-24
C103181,Occasional,South,2023-10-27
C103182,Mainstream,Northeast,2023-05-19
C103183,Occasional,Northeast,2024-03-02
C103184,Mainstream,West,2023-02-28
C103185,Mainstream,West,2023-07-28
C103186,Mainstream,Northeast,2023-05-21
C103187,Premium,Midwest,2023-10-26
C103188,Value Shopper,Midwest,2023-03-01
C103189,Value Shopper,South,2022-12-24
C103190,Occasional,South,2024-05-30
C103191,Value Shopper,Northeast,2024-04-21
C103192,Mainstream,South,2024-07-12
C103193,Mainstream,Midwest,2024-06-02
C103194,Mainstream,Northeast,2023-03-03
C103195,Mainstream,Midwest,2023-07-29
C103196,Value Shopper,Midwest,2023-03-16
C103197,Mainstream,Midwest,2024-11-02
C103198,Mainstream,Northeast,2024-08-13
C103199,Premium,Midwest,2023-05-15
C103200,Value Shopper,Northeast,2023-09-10
C103201,Mainstream,South,2025-02-14
C103202,Value Shopper,Northeast,2024-04-07
C103203,Value Shopper,Northeast,2024-09-28
C103204,Value Shopper,South,2023-07-07
C103205,Value Shopper,South,2023-05-23
C103206,Occasional,West,2024-09-13
C103207,Value Shopper,Midwest,2024-06-23
C103208,Occasional,Northeast,2024-06-19
C103209,Occasional,South,2024-03-04
C103210,Mainstream,South,2024-03-13
C103211,Value Shopper,Northeast,2024-08-04
C103212,Mainstream,West,2023-07-12
C103213,Premium,Northeast,2023-09-19
C103214,Mainstream,West,2024-11-26
C103215,Value Shopper,West,2023-08-13
C103216,Mainstream,South,2024-02-27
C103217,Occasional,West,2024-07-07
C103218,Premium,South,2025-03-13
C103219,Value Shopper,Northeast,2023-11-27
C103220,Premium,Midwest,2023-11-21
C103221,Value Shopper,Northeast,2024-11-02
C103222,Value Shopper,Midwest,2024-10-02
C103223,Occasional,South,2024-07-31
C103224,Value Shopper,Midwest,2023-12-21
C103225,Value Shopper,Midwest,2023-08-26
C103226,Value Shopper,South,2024-04-20
C103227,Occasional,West,2024-11-30
C103228,Premium,Northeast,2024-12-06
C103229,Mainstream,Midwest,2023-02-26
C103230,Premium,Northeast,2023-11-21
C103231,Value Shopper,South,2023-12-22
C103232,Mainstream,Northeast,2025-02-23
C103233,Mainstream,South,2024-06-17
C103234,Value Shopper,Midwest,2023-11-04
C103235,Mainstream,Northeast,2022-12-19
C103236,Occasional,West,2024-03-14
C103237,Value Shopper,Northeast,2023-02-16
C103238,Value Shopper,Midwest,2024-10-26
C103239,Value Shopper,Northeast,2024-08-18
C103240,Value Shopper,Midwest,2023-12-18
C103241,Occasional,South,2023-11-22
C103242,Mainstream,Midwest,2024-12-17
C103243,Mainstream,Northeast,2023-07-27
C103244,Premium,Midwest,2023-06-24
C103245,Value Shopper,South,2025-01-22
C103246,Mainstream,South,2024-10-05
C103247,Mainstream,South,2024-10-14
C103248,Mainstream,South,2023-05-10
C103249,Occasional,Northeast,2023-03-28
C103250,Premium,Midwest,2022-12-19
C103251,Mainstream,Northeast,2023-06-14
C103252,Occasional,Northeast,2024-09-05
C103253,Value Shopper,Northeast,2023-06-17
C103254,Value Shopper,South,2024-07-29
C103255,Value Shopper,South,2023-06-27
C103256,Mainstream,West,2023-10-25
C103257,Mainstream,Northeast,2025-02-27
C103258,Mainstream,South,2023-06-21
C103259,Occasional,West,2023-10-09
C103260,Mainstream,South,2023-08-07
C103261,Mainstream,Northeast,2023-02-27
C103262,Value Shopper,Northeast,2024-01-11
C103263,Value Shopper,Northeast,2023-10-11
C103264,Mainstream,Midwest,2024-07-01
C103265,Mainstream,South,2024-10-12
C103266,Occasional,Northeast,2024-02-26
C103267,Value Shopper,Northeast,2022-12-24
C103268,Value Shopper,South,2024-04-28
C103269,Mainstream,South,2023-01-13
C103270,Value Shopper,Midwest,2024-04-26
C103271,Value Shopper,South,2024-06-23
C103272,Premium,Midwest,2023-05-12
C103273,Value Shopper,Northeast,2024-10-13
C103274,Mainstream,Midwest,2024-12-29
C103275,Value Shopper,South,2024-10-08
C103276,Value Shopper,West,2023-08-10
C103277,Mainstream,Northeast,2024-04-01
C103278,Occasional,South,2025-01-01
C103279,Mainstream,Midwest,2023-08-23
C103280,Premium,South,2024-10-14
C103281,Value Shopper,Northeast,2022-12-05
C103282,Premium,Midwest,2022-12-01
C103283,Value Shopper,West,2024-08-24
C103284,Premium,South,2024-08-26
C103285,Mainstream,Midwest,2024-09-18
C103286,Occasional,Midwest,2025-01-14
C103287,Mainstream,Midwest,2023-03-06
C103288,Value Shopper,Midwest,2023-06-10
C103289,Value Shopper,West,2024-12-23
C103290,Occasional,West,2023-04-25
C103291,Mainstream,Midwest,2024-06-20
C103292,Premium,Midwest,2024-02-14
C103293,Value Shopper,West,2023-02-05
C103294,Mainstream,Midwest,2023-07-25
C103295,Value Shopper,South,2024-02-06
C103296,Occasional,Northeast,2024-11-10
C103297,Premium,South,2024-07-11
C103298,Occasional,South,2024-05-01
C103299,Value Shopper,West,2024-01-16
C103300,Mainstream,South,2023-08-05
C103301,Premium,Northeast,2023-03-07
C103302,Mainstream,South,2023-11-05
C103303,Occasional,West,2022-12-21
C103304,Occasional,Midwest,2023-05-23
C103305,Occasional,Northeast,2023-11-25
C103306,Premium,Northeast,2023-11-13
C103307,Value Shopper,Midwest,2023-01-04
C103308,Value Shopper,Midwest,2024-04-03
C103309,Occasional,South,2024-03-01
C103310,Value Shopper,Northeast,2023-02-01
C103311,Premium,West,2025-01-25
C103312,Premium,Northeast,2023-02-19
C103313,Mainstream,Northeast,2024-11-12
C103314,Occasional,Midwest,2022-11-28
C103315,Mainstream,Midwest,2024-12-05
C103316,Mainstream,Northeast,2022-12-14
C103317,Value Shopper,Northeast,2024-08-23
C103318,Mainstream,Northeast,2023-09-27
C103319,Value Shopper,South,2024-08-06
C103320,Mainstream,South,2023-10-30
C103321,Occasional,Midwest,2023-01-26
C103322,Occasional,South,2024-08-31
C103323,Value Shopper,South,2023-01-26
C103324,Mainstream,Northeast,2025-01-07
C103325,Occasional,West,2023-01-09
C103326,Value Shopper,West,2024-01-02
C103327,Value Shopper,Northeast,2024-07-24
C103328,Value Shopper,Northeast,2023-10-23
C103329,Mainstream,Northeast,2023-05-29
C103330,Value Shopper,Northeast,2024-08-24
C103331,Occasional,South,2024-09-14
C103332,Mainstream,Midwest,2025-01-08
C103333,Mainstream,South,2023-10-09
C103334,Value Shopper,South,2024-01-25
C103335,Mainstream,South,2023-09-28
C103336,Premium,South,2023-07-01
C103337,Premium,Northeast,2024-08-17
C103338,Premium,Midwest,2023-09-08
C103339,Mainstream,South,2023-11-21
C103340,Occasional,Northeast,2023-11-01
C103341,Occasional,Northeast,2024-07-16
C103342,Premium,West,2025-01-04
C103343,Value Shopper,South,2024-06-07
C103344,Value Shopper,Northeast,2023-12-28
C103345,Value Shopper,South,2024-09-09
C103346,Premium,South,2024-05-17
C103347,Mainstream,Midwest,2023-01-17
C103348,Mainstream,Northeast,2023-02-16
C103349,Occasional,West,2022-12-29
C103350,Occasional,Midwest,2023-12-15
C103351,Occasional,Northeast,2024-10-19
C103352,Mainstream,Midwest,2023-08-17
C103353,Premium,South,2023-10-15
C103354,Value Shopper,Northeast,2024-12-28
C103355,Value Shopper,Northeast,2024-10-28
C103356,Value Shopper,Northeast,2024-06-06
C103357,Mainstream,West,2023-07-09
C103358,Mainstream,Northeast,2023-03-06
C103359,Occasional,South,2022-12-11
C103360,Value Shopper,West,2023-02-25
C103361,Premium,Northeast,2023-07-31
C103362,Mainstream,West,2024-03-03
C103363,Value Shopper,West,2023-01-20
C103364,Mainstream,West,2023-03-22
C103365,Value Shopper,Northeast,2023-04-28
C103366,Mainstream,South,2024-05-09
C103367,Mainstream,South,2024-04-26
C103368,Value Shopper,West,2024-03-02
C103369,Value Shopper,Northeast,2023-06-25
C103370,Mainstream,South,2023-10-04
C103371,Occasional,Midwest,2023-02-17
C103372,Mainstream,Northeast,2023-06-05
C103373,Premium,Midwest,2024-12-18
C103374,Premium,South,2025-02-24
C103375,Occasional,Midwest,2024-05-22
C103376,Occasional,South,2025-01-03
C103377,Mainstream,West,2024-05-18
C103378,Premium,Midwest,2022-12-25
C103379,Occasional,South,2025-03-11
C103380,Mainstream,Midwest,2023-02-18
C103381,Mainstream,Midwest,2024-06-21
C103382,Value Shopper,South,2023-06-27
C103383,Occasional,West,2023-10-22
C103384,Occasional,South,2024-05-21
C103385,Value Shopper,South,2023-11-28
C103386,Mainstream,Northeast,2023-06-25
C103387,Mainstream,Northeast,2023-09-04
C103388,Value Shopper,South,2023-09-10
C103389,Occasional,Northeast,2025-02-07
C103390,Value Shopper,Northeast,2024-09-26
C103391,Value Shopper,South,2023-12-17
C103392,Mainstream,Northeast,2023-05-14
C103393,Premium,Northeast,2024-10-06
C103394,Value Shopper,South,2023-04-08
C103395,Premium,South,2023-05-23
C103396,Mainstream,West,2023-09-30
C103397,Value Shopper,South,2024-12-03
C103398,Value Shopper,Midwest,2023-03-18
C103399,Mainstream,West,2023-03-10
C103400,Value Shopper,South,2024-01-14
C103401,Occasional,Northeast,2023-07-17
C103402,Occasional,Northeast,2024-03-17
C103403,Occasional,South,2023-12-11
C103404,Value Shopper,South,2023-11-27
C103405,Occasional,South,2023-03-01
C103406,Mainstream,South,2023-03-26
C103407,Mainstream,South,2024-10-15
C103408,Value Shopper,West,2024-12-08
C103409,Value Shopper,South,2023-06-12
C103410,Premium,Northeast,2023-03-03
C103411,Mainstream,West,2023-01-11
C103412,Value Shopper,Northeast,2024-04-19
C103413,Mainstream,South,2024-07-18
C103414,Value Shopper,West,2023-10-06
C103415,Mainstream,South,2024-06-18
C103416,Mainstream,South,2024-07-16
C103417,Occasional,Midwest,2025-01-18
C103418,Occasional,Midwest,2023-01-21
C103419,Mainstream,Midwest,2023-05-08
C103420,Mainstream,South,2023-01-24
C103421,Mainstream,South,2024-11-23
C103422,Occasional,South,2024-09-21
C103423,Mainstream,Northeast,2024-03-22
C103424,Value Shopper,Midwest,2023-02-06
C103425,Value Shopper,South,2023-07-15
C103426,Mainstream,Midwest,2023-08-04
C103427,Mainstream,South,2024-03-10
C103428,Occasional,South,2023-07-02
C103429,Value Shopper,South,2023-01-28
C103430,Mainstream,Midwest,2024-07-31
C103431,Occasional,West,2023-08-05
C103432,Occasional,Northeast,2023-12-12
C103433,Mainstream,West,2023-03-14
C103434,Mainstream,Northeast,2024-09-29
C103435,Mainstream,Northeast,2024-03-14
C103436,Occasional,West,2024-12-21
C103437,Value Shopper,Northeast,2024-01-16
C103438,Occasional,South,2025-01-23
C103439,Premium,West,2024-12-13
C103440,Mainstream,West,2024-03-24
C103441,Value Shopper,West,2025-01-17
C103442,Mainstream,Midwest,2023-08-25
C103443,Mainstream,South,2023-09-30
C103444,Value Shopper,Northeast,2023-01-05
C103445,Premium,Midwest,2024-04-03
C103446,Occasional,West,2024-07-23
C103447,Mainstream,Midwest,2024-09-05
C103448,Premium,South,2023-04-02
C103449,Value Shopper,South,2023-12-05
C103450,Mainstream,South,2023-04-25
C103451,Value Shopper,West,2024-06-03
C103452,Mainstream,Northeast,2023-04-09
C103453,Occasional,South,2024-12-23
C103454,Premium,West,2023-06-09
C103455,Value Shopper,Midwest,2023-07-30
C103456,Mainstream,Northeast,2024-11-09
C103457,Mainstream,South,2023-12-17
C103458,Mainstream,Midwest,2022-12-18
C103459,Occasional,Northeast,2024-01-15
C103460,Occasional,West,2023-02-06
C103461,Mainstream,South,2025-03-01
C103462,Mainstream,West,2024-04-02
C103463,Value Shopper,West,2023-06-30
C103464,Value Shopper,South,2024-03-13
C103465,Mainstream,Northeast,2023-01-31
C103466,Mainstream,Midwest,2024-09-27
C103467,Premium,Northeast,2025-01-10
C103468,Premium,West,2024-11-28
C103469,Value Shopper,Northeast,2023-09-10
C103470,Mainstream,Midwest,2023-08-27
C103471,Value Shopper,South,2022-12-27
C103472,Value Shopper,Northeast,2024-05-25
C103473,Occasional,Northeast,2024-02-18
C103474,Value Shopper,South,2023-12-17
C103475,Mainstream,Northeast,2024-12-26
C103476,Value Shopper,Northeast,2023-04-17
C103477,Occasional,Midwest,2022-12-06
C103478,Mainstream,South,2023-01-28
C103479,Value Shopper,South,2023-06-03
C103480,Mainstream,Midwest,2022-12-25
C103481,Premium,South,2024-01-22
C103482,Occasional,Midwest,2023-08-18
C103483,Value Shopper,West,2023-04-28
C103484,Occasional,Northeast,2024-08-16
C103485,Occasional,South,2023-05-18
C103486,Occasional,West,2024-06-25
C103487,Mainstream,West,2023-09-16
C103488,Mainstream,Northeast,2024-01-29
C103489,Mainstream,Midwest,2025-01-17
C103490,Premium,South,2022-12-29
C103491,Mainstream,Northeast,2024-01-20
C103492,Premium,West,2024-11-12
C103493,Mainstream,South,2024-04-02
C103494,Premium,South,2023-07-18
C103495,Occasional,Northeast,2023-10-27
C103496,Value Shopper,South,2024-06-19
C103497,Occasional,South,2024-12-12
C103498,Mainstream,West,2023-01-01
C103499,Occasional,Northeast,2023-01-26
C103500,Mainstream,Northeast,2023-08-27
C103501,Mainstream,Midwest,2023-06-11
C103502,Occasional,Northeast,2023-07-08
C103503,Value Shopper,South,2023-06-01
C103504,Occasional,West,2023-05-11
C103505,Mainstream,Midwest,2023-03-17
C103506,Mainstream,West,2025-01-17
C103507,Mainstream,Northeast,2023-03-28
C103508,Mainstream,Northeast,2023-05-18
C103509,Mainstream,Northeast,2023-06-22
C103510,Value Shopper,Midwest,2025-01-16
C103511,Value Shopper,West,2024-08-21
C103512,Value Shopper,Northeast,2024-09-18
C103513,Occasional,South,2023-02-23
C103514,Occasional,Midwest,2024-10-27
C103515,Mainstream,West,2023-11-05
C103516,Premium,Northeast,2023-07-06
C103517,Mainstream,Northeast,2024-03-23
C103518,Premium,Northeast,2024-10-15
C103519,Occasional,Midwest,2024-09-09
C103520,Occasional,Northeast,2024-12-11
C103521,Mainstream,West,2025-01-12
C103522,Premium,South,2023-06-15
C103523,Value Shopper,South,2023-11-18
C103524,Occasional,South,2022-12-10
C103525,Value Shopper,Northeast,2024-12-02
C103526,Mainstream,Midwest,2023-04-06
C103527,Premium,West,2024-11-17
C103528,Premium,West,2023-08-31
C103529,Value Shopper,West,2023-10-02
C103530,Occasional,West,2022-12-30
C103531,Value Shopper,Northeast,2023-08-28
C103532,Mainstream,Northeast,2024-12-10
C103533,Value Shopper,Northeast,2022-12-19
C103534,Mainstream,Midwest,2023-11-03
C103535,Mainstream,Northeast,2022-12-24
C103536,Mainstream,Midwest,2023-10-04
C103537,Value Shopper,South,2023-04-21
C103538,Value Shopper,West,2023-06-27
C103539,Mainstream,South,2024-12-01
C103540,Premium,West,2023-11-28
C103541,Occasional,Northeast,2023-07-15
C103542,Value Shopper,Northeast,2024-04-03
C103543,Mainstream,South,2023-03-27
C103544,Value Shopper,Midwest,2023-07-03
C103545,Value Shopper,Northeast,2024-02-27
C103546,Premium,Midwest,2023-06-15
C103547,Mainstream,Northeast,2024-06-18
C103548,Value Shopper,South,2024-01-12
C103549,Value Shopper,Midwest,2024-09-03
C103550,Value Shopper,South,2025-01-29
C103551,Occasional,South,2023-03-05
C103552,Occasional,Midwest,2023-09-04
C103553,Value Shopper,Northeast,2023-08-22
C103554,Value Shopper,Northeast,2023-04-03
C103555,Occasional,Midwest,2024-10-06
C103556,Occasional,South,2024-08-24
C103557,Mainstream,South,2024-01-06
C103558,Value Shopper,South,2024-02-20
C103559,Value Shopper,Northeast,2023-01-16
C103560,Mainstream,South,2024-03-06
C103561,Mainstream,South,2024-09-20
C103562,Value Shopper,Midwest,2024-03-21
C103563,Mainstream,South,2023-07-08
C103564,Value Shopper,Midwest,2024-06-08
C103565,Premium,South,2023-09-26
C103566,Mainstream,South,2024-02-26
C103567,Value Shopper,Northeast,2024-01-09
C103568,Mainstream,South,2023-10-13
C103569,Mainstream,Northeast,2024-07-21
C103570,Occasional,Northeast,2024-12-06
C103571,Mainstream,West,2022-12-02
C103572,Value Shopper,West,2025-01-17
C103573,Premium,Northeast,2024-01-29
C103574,Value Shopper,Midwest,2024-07-06
C103575,Occasional,Northeast,2024-11-13
C103576,Mainstream,Midwest,2023-12-24
C103577,Mainstream,West,2024-10-26
C103578,Value Shopper,West,2023-04-25
C103579,Mainstream,South,2023-04-10
C103580,Occasional,Midwest,2024-05-30
C103581,Occasional,South,2024-11-25
C103582,Value Shopper,Midwest,2024-12-13
C103583,Value Shopper,West,2024-05-19
C103584,Occasional,West,2024-02-10
C103585,Occasional,South,2023-09-01
C103586,Value Shopper,Midwest,2025-02-25
C103587,Mainstream,Midwest,2023-08-22
C103588,Mainstream,Northeast,2024-08-11
C103589,Occasional,West,2024-02-15
C103590,Value Shopper,Midwest,2024-04-19
C103591,Value Shopper,Midwest,2023-10-23
C103592,Premium,Midwest,2025-02-12
C103593,Value Shopper,West,2024-03-20
C103594,Mainstream,Northeast,2025-01-20
C103595,Mainstream,West,2022-12-04
C103596,Mainstream,West,2024-03-20
C103597,Mainstream,West,2024-07-20
C103598,Mainstream,Midwest,2024-08-12
C103599,Value Shopper,Northeast,2024-12-24
C103600,Mainstream,Midwest,2022-12-01
C103601,Occasional,Midwest,2022-11-28
C103602,Premium,Northeast,2023-12-28
C103603,Value Shopper,South,2022-12-22
C103604,Value Shopper,Midwest,2025-02-20
C103605,Value Shopper,West,2023-06-02
C103606,Mainstream,Northeast,2023-12-29
C103607,Mainstream,South,2023-01-18
C103608,Premium,South,2024-02-07
C103609,Value Shopper,South,2023-10-12
C103610,Value Shopper,West,2023-01-04
C103611,Mainstream,South,2023-09-04
C103612,Premium,West,2023-10-22
C103613,Value Shopper,Midwest,2025-03-05
C103614,Mainstream,South,2023-05-21
C103615,Value Shopper,Northeast,2024-02-26
C103616,Occasional,Northeast,2025-03-03
C103617,Occasional,Northeast,2024-09-20
C103618,Value Shopper,Northeast,2025-03-08
C103619,Value Shopper,Northeast,2025-02-15
C103620,Mainstream,Northeast,2024-01-11
C103621,Value Shopper,Northeast,2024-07-02
C103622,Premium,West,2023-02-28
C103623,Occasional,Northeast,2023-12-02
C103624,Premium,South,2024-10-04
C103625,Occasional,Northeast,2024-01-24
C103626,Mainstream,West,2024-07-07
C103627,Value Shopper,West,2024-08-12
C103628,Premium,South,2023-06-28
C103629,Mainstream,South,2024-11-29
C103630,Premium,Northeast,2023-12-18
C103631,Value Shopper,West,2023-05-23
C103632,Value Shopper,West,2024-11-21
C103633,Occasional,West,2023-11-13
C103634,Value Shopper,South,2024-08-16
C103635,Occasional,Midwest,2024-02-29
C103636,Occasional,West,2023-10-14
C103637,Premium,Midwest,2024-10-05
C103638,Premium,South,2024-03-30
C103639,Mainstream,Northeast,2023-10-21
C103640,Occasional,West,2023-02-27
C103641,Value Shopper,Northeast,2024-12-16
C103642,Mainstream,Northeast,2022-12-27
C103643,Mainstream,South,2024-11-19
C103644,Mainstream,South,2023-09-25
C103645,Mainstream,South,2024-05-15
C103646,Mainstream,Northeast,2025-01-07
C103647,Mainstream,Northeast,2023-04-04
C103648,Occasional,South,2024-03-16
C103649,Value Shopper,West,2024-08-28
C103650,Occasional,West,2024-08-22
C103651,Premium,Midwest,2024-02-10
C103652,Occasional,West,2024-05-03
C103653,Mainstream,Midwest,2024-08-22
C103654,Premium,South,2024-10-31
C103655,Value Shopper,Midwest,2024-08-26
C103656,Occasional,Midwest,2023-09-20
C103657,Value Shopper,South,2025-03-11
C103658,Occasional,South,2023-11-27
C103659,Occasional,Midwest,2022-12-18
C103660,Value Shopper,Northeast,2023-09-27
C103661,Value Shopper,Northeast,2023-03-15
C103662,Premium,South,2023-03-09
C103663,Value Shopper,Northeast,2023-07-21
C103664,Occasional,Northeast,2023-01-11
C103665,Value Shopper,South,2024-06-25
C103666,Value Shopper,South,2023-01-29
C103667,Occasional,South,2023-05-17
C103668,Premium,South,2023-02-13
C103669,Occasional,West,2023-01-19
C103670,Mainstream,West,2023-07-10
C103671,Premium,West,2024-03-20
C103672,Mainstream,South,2025-02-12
C103673,Mainstream,Midwest,2024-11-29
C103674,Premium,West,2024-11-30
C103675,Mainstream,Northeast,2023-04-24
C103676,Mainstream,Northeast,2023-07-07
C103677,Value Shopper,Midwest,2023-01-31
C103678,Premium,Northeast,2024-09-09
C103679,Value Shopper,West,2023-01-25
C103680,Premium,South,2024-03-07
C103681,Value Shopper,South,2023-06-23
C103682,Mainstream,South,2023-06-20
C103683,Premium,Midwest,2025-03-06
C103684,Value Shopper,Northeast,2024-08-22
C103685,Value Shopper,South,2024-10-28
C103686,Value Shopper,South,2024-03-20
C103687,Mainstream,Midwest,2024-11-25
C103688,Occasional,South,2024-05-20
C103689,Value Shopper,Northeast,2025-01-27
C103690,Premium,Northeast,2023-07-21
C103691,Mainstream,Northeast,2024-04-08
C103692,Mainstream,Midwest,2024-06-27
C103693,Occasional,West,2023-10-23
C103694,Mainstream,West,2024-12-03
C103695,Mainstream,Midwest,2025-02-25
C103696,Value Shopper,South,2024-01-14
C103697,Value Shopper,South,2023-10-21
C103698,Value Shopper,Northeast,2023-12-28
C103699,Value Shopper,Northeast,2024-11-10
C103700,Mainstream,West,2024-05-20
C103701,Mainstream,South,2023-01-04
C103702,Mainstream,West,2024-02-24
C103703,Value Shopper,Midwest,2022-12-12
C103704,Value Shopper,South,2024-09-09
C103705,Premium,Northeast,2023-08-30
C103706,Occasional,Northeast,2023-12-28
C103707,Value Shopper,South,2024-09-26
C103708,Occasional,Midwest,2023-01-05
C103709,Mainstream,Northeast,2023-04-09
C103710,Mainstream,Northeast,2023-10-27
C103711,Mainstream,Northeast,2023-06-08
C103712,Value Shopper,South,2023-09-07
C103713,Value Shopper,Midwest,2025-03-12
C103714,Mainstream,Northeast,2024-10-18
C103715,Mainstream,Northeast,2024-12-06
C103716,Occasional,Northeast,2025-01-20
C103717,Mainstream,South,2023-09-09
C103718,Value Shopper,Northeast,2023-08-03
C103719,Premium,South,2023-06-12
C103720,Value Shopper,Northeast,2024-10-22
C103721,Mainstream,Northeast,2024-06-18
C103722,Premium,West,2023-06-13
C103723,Occasional,South,2023-10-09
C103724,Premium,Northeast,2024-01-25
C103725,Premium,West,2024-02-12
C103726,Premium,Midwest,2024-12-10
C103727,Occasional,West,2023-10-12
C103728,Value Shopper,South,2024-12-27
C103729,Value Shopper,South,2023-12-02
C103730,Value Shopper,West,2024-08-13
C103731,Value Shopper,Northeast,2025-01-14
C103732,Premium,South,2024-12-26
C103733,Mainstream,Midwest,2023-01-14
C103734,Mainstream,Northeast,2023-05-19
C103735,Value Shopper,Northeast,2024-01-01
C103736,Premium,Northeast,2023-11-24
C103737,Mainstream,South,2024-05-17
C103738,Premium,South,2025-01-26
C103739,Mainstream,South,2023-03-02
C103740,Mainstream,Northeast,2023-12-11
C103741,Value Shopper,Midwest,2023-05-08
C103742,Value Shopper,West,2024-12-15
C103743,Occasional,Midwest,2025-02-12
C103744,Occasional,South,2024-01-02
C103745,Mainstream,South,2023-02-23
C103746,Value Shopper,South,2024-09-15
C103747,Mainstream,South,2024-07-03
C103748,Premium,West,2023-09-21
C103749,Premium,Midwest,2024-12-09
C103750,Value Shopper,West,2025-02-21
C103751,Value Shopper,Northeast,2024-03-08
C103752,Premium,Midwest,2024-03-15
C103753,Mainstream,Northeast,2023-08-04
C103754,Value Shopper,South,2024-03-30
C103755,Value Shopper,Midwest,2023-12-01
C103756,Mainstream,Northeast,2023-08-08
C103757,Occasional,Northeast,2023-01-23
C103758,Occasional,West,2023-06-27
C103759,Mainstream,West,2023-05-12
C103760,Mainstream,South,2024-02-24
C103761,Value Shopper,South,2024-04-14
C103762,Mainstream,Midwest,2024-04-19
C103763,Mainstream,Midwest,2023-10-19
C103764,Mainstream,West,2023-11-15
C103765,Mainstream,Northeast,2024-10-26
C103766,Value Shopper,Midwest,2024-01-01
C103767,Value Shopper,Midwest,2025-03-03
C103768,Mainstream,Midwest,2023-12-01
C103769,Value Shopper,Midwest,2024-05-24
C103770,Value Shopper,South,2023-01-09
C103771,Occasional,Northeast,2024-05-27
C103772,Mainstream,South,2024-11-09
C103773,Mainstream,Northeast,2025-01-24
C103774,Occasional,Northeast,2025-03-11
C103775,Occasional,Northeast,2023-07-22
C103776,Mainstream,South,2024-03-23
C103777,Occasional,Midwest,2023-12-10
C103778,Mainstream,South,2024-03-13
C103779,Mainstream,South,2023-04-08
C103780,Mainstream,South,2024-11-13
C103781,Premium,Midwest,2024-12-28
C103782,Premium,Midwest,2023-12-09
C103783,Mainstream,Midwest,2023-07-21
C103784,Value Shopper,South,2023-03-26
C103785,Mainstream,Midwest,2024-06-21
C103786,Value Shopper,West,2023-08-16
C103787,Mainstream,West,2024-12-28
C103788,Premium,Northeast,2024-06-11
C103789,Premium,Northeast,2024-05-21
C103790,Premium,South,2024-03-09
C103791,Occasional,Midwest,2023-01-05
C103792,Mainstream,Northeast,2025-01-15
C103793,Premium,West,2024-05-06
C103794,Mainstream,Northeast,2025-03-09
C103795,Value Shopper,West,2024-02-20
C103796,Value Shopper,South,2024-07-14
C103797,Value Shopper,South,2023-01-14
C103798,Mainstream,Northeast,2024-05-09
C103799,Mainstream,Northeast,2024-08-28
C103800,Occasional,South,2024-09-09
C103801,Value Shopper,Northeast,2024-09-02
C103802,Value Shopper,Midwest,2023-06-05
C103803,Occasional,Midwest,2025-02-21
C103804,Value Shopper,Northeast,2025-03-09
C103805,Mainstream,Northeast,2023-01-30
C103806,Mainstream,South,2025-01-19
C103807,Mainstream,Northeast,2023-07-28
C103808,Value Shopper,Northeast,2024-06-26
C103809,Value Shopper,South,2023-09-07
C103810,Value Shopper,West,2025-02-14
C103811,Mainstream,Midwest,2023-02-21
C103812,Mainstream,Northeast,2024-01-18
C103813,Value Shopper,South,2023-11-21
C103814,Mainstream,West,2023-08-28
C103815,Occasional,South,2024-05-20
C103816,Value Shopper,South,2023-03-17
C103817,Mainstream,Midwest,2024-07-19
C103818,Premium,South,2025-02-25
C103819,Value Shopper,Northeast,2024-10-01
C103820,Mainstream,South,2024-11-16
C103821,Mainstream,South,2023-09-25
C103822,Occasional,West,2023-08-27
C103823,Occasional,Northeast,2024-02-03
C103824,Mainstream,Northeast,2023-01-05
C103825,Premium,South,2025-01-27
C103826,Mainstream,South,2023-03-28
C103827,Mainstream,South,2024-12-22
C103828,Mainstream,Northeast,2023-02-06
C103829,Value Shopper,Northeast,2024-10-16
C103830,Premium,South,2023-04-04
C103831,Mainstream,Midwest,2022-12-29
C103832,Mainstream,West,2024-07-21
C103833,Occasional,Midwest,2023-07-20
C103834,Value Shopper,South,2024-07-17
C103835,Mainstream,South,2024-03-06
C103836,Value Shopper,South,2023-02-27
C103837,Premium,Midwest,2025-01-16
C103838,Premium,West,2023-12-12
C103839,Mainstream,Northeast,2024-08-03
C103840,Premium,South,2024-01-20
C103841,Mainstream,Northeast,2024-04-16
C103842,Premium,Midwest,2023-08-08
C103843,Mainstream,Midwest,2023-05-14
C103844,Mainstream,Northeast,2024-02-24
C103845,Occasional,West,2023-12-01
C103846,Value Shopper,Northeast,2023-10-20
C103847,Value Shopper,South,2024-06-12
C103848,Mainstream,West,2024-06-27
C103849,Occasional,Northeast,2023-01-05
C103850,Mainstream,South,2023-09-07
C103851,Value Shopper,Northeast,2023-11-08
C103852,Mainstream,Northeast,2023-02-17
C103853,Mainstream,Midwest,2023-06-13
C103854,Value Shopper,West,2023-01-10
C103855,Premium,Northeast,2025-03-10
C103856,Occasional,South,2024-08-05
C103857,Mainstream,South,2023-02-09
C103858,Mainstream,West,2022-12-14
C103859,Mainstream,Northeast,2024-07-21
C103860,Value Shopper,South,2023-12-01
C103861,Occasional,South,2024-09-16
C103862,Mainstream,South,2025-01-08
C103863,Mainstream,West,2024-04-12
C103864,Premium,West,2023-05-03
C103865,Mainstream,Northeast,2024-09-12
C103866,Mainstream,Midwest,2025-02-04
C103867,Value Shopper,Midwest,2024-03-27
C103868,Occasional,Midwest,2024-06-20
C103869,Occasional,Midwest,2023-09-06
C103870,Mainstream,Midwest,2023-10-13
C103871,Occasional,Midwest,2024-08-03
C103872,Value Shopper,West,2025-01-12
C103873,Mainstream,Northeast,2024-05-07
C103874,Mainstream,West,2024-09-18
C103875,Mainstream,Midwest,2023-04-20
C103876,Mainstream,South,2023-05-24
C103877,Mainstream,West,2024-02-15
C103878,Value Shopper,Midwest,2023-04-24
C103879,Mainstream,Midwest,2024-05-12
C103880,Value Shopper,Midwest,2023-07-30
C103881,Premium,Midwest,2024-09-20
C103882,Value Shopper,West,2024-10-04
C103883,Value Shopper,West,2023-12-21
C103884,Mainstream,Northeast,2023-04-28
C103885,Mainstream,Northeast,2024-05-21
C103886,Occasional,Midwest,2025-03-07
C103887,Mainstream,Northeast,2024-05-01
C103888,Mainstream,South,2022-12-27
C103889,Occasional,Northeast,2022-12-12
C103890,Mainstream,South,2023-08-23
C103891,Value Shopper,Northeast,2023-05-11
C103892,Mainstream,Midwest,2024-10-08
C103893,Occasional,South,2024-11-03
C103894,Mainstream,Midwest,2023-07-02
C103895,Value Shopper,West,2023-08-27
C103896,Value Shopper,West,2023-06-13
C103897,Value Shopper,Midwest,2024-12-27
C103898,Mainstream,Northeast,2024-01-22
C103899,Mainstream,West,2024-05-29
C103900,Value Shopper,West,2023-11-11
C103901,Occasional,West,2024-05-08
C103902,Premium,Northeast,2023-10-17
C103903,Mainstream,West,2023-09-08
C103904,Occasional,Northeast,2024-05-11
C103905,Value Shopper,South,2024-04-05
C103906,Mainstream,West,2023-07-31
C103907,Mainstream,Northeast,2023-04-02
C103908,Occasional,West,2023-10-02
C103909,Premium,Midwest,2023-11-10
C103910,Value Shopper,West,2024-05-06
C103911,Occasional,Midwest,2025-01-01
C103912,Value Shopper,West,2022-12-28
C103913,Occasional,Northeast,2023-06-20
C103914,Occasional,South,2023-05-09
C103915,Value Shopper,South,2024-01-21
C103916,Premium,Midwest,2023-11-23
C103917,Value Shopper,Northeast,2024-07-29
C103918,Mainstream,South,2023-06-19
C103919,Mainstream,Northeast,2024-04-08
C103920,Mainstream,South,2024-12-06
C103921,Occasional,Northeast,2024-12-29
C103922,Premium,West,2025-02-07
C103923,Mainstream,Northeast,2024-09-04
C103924,Occasional,Northeast,2024-12-25
C103925,Occasional,Northeast,2023-06-12
C103926,Value Shopper,Midwest,2023-05-12
C103927,Occasional,Northeast,2022-12-03
C103928,Value Shopper,Midwest,2024-07-11
C103929,Occasional,West,2025-01-20
C103930,Value Shopper,South,2023-05-03
C103931,Value Shopper,South,2024-05-13
C103932,Mainstream,Northeast,2024-08-13
C103933,Mainstream,South,2025-01-12
C103934,Mainstream,Northeast,2024-05-22
C103935,Value Shopper,South,2025-02-17
C103936,Mainstream,Northeast,2023-09-12
C103937,Occasional,Midwest,2023-09-17
C103938,Mainstream,Midwest,2024-02-25
C103939,Value Shopper,West,2023-10-15
C103940,Mainstream,Northeast,2022-11-29
C103941,Value Shopper,South,2024-08-01
C103942,Occasional,Northeast,2024-08-17
C103943,Occasional,South,2024-08-13
C103944,Mainstream,West,2023-09-13
C103945,Mainstream,Midwest,2024-02-07
C103946,Premium,Midwest,2023-09-25
C103947,Mainstream,West,2022-12-11
C103948,Occasional,South,2024-03-12
C103949,Mainstream,Midwest,2023-03-11
C103950,Premium,South,2023-02-03
C103951,Mainstream,South,2024-08-21
C103952,Mainstream,Northeast,2022-12-05
C103953,Occasional,West,2025-02-07
C103954,Mainstream,Midwest,2024-02-01
C103955,Mainstream,Northeast,2025-02-27
C103956,Value Shopper,South,2023-01-15
C103957,Mainstream,Midwest,2024-03-29
C103958,Mainstream,Northeast,2023-09-16
C103959,Value Shopper,South,2024-11-02
C103960,Value Shopper,West,2023-09-26
C103961,Mainstream,West,2023-07-04
C103962,Premium,West,2024-11-14
C103963,Mainstream,West,2023-10-07
C103964,Value Shopper,Northeast,2022-12-12
C103965,Premium,Midwest,2023-10-21
C103966,Value Shopper,West,2024-05-28
C103967,Mainstream,Midwest,2023-06-29
C103968,Value Shopper,South,2023-11-25
C103969,Value Shopper,South,2023-01-14
C103970,Value Shopper,Midwest,2024-04-02
C103971,Mainstream,West,2024-08-21
C103972,Value Shopper,South,2023-11-09
C103973,Mainstream,Midwest,2023-11-15
C103974,Mainstream,West,2023-02-09
C103975,Mainstream,Midwest,2023-05-16
C103976,Mainstream,Northeast,2023-04-06
C103977,Occasional,South,2024-01-04
C103978,Value Shopper,West,2024-02-13
C103979,Mainstream,South,2025-01-30
C103980,Value Shopper,South,2023-01-28
C103981,Value Shopper,South,2024-04-12
C103982,Mainstream,Northeast,2024-02-11
C103983,Mainstream,West,2024-02-02
C103984,Occasional,West,2024-11-27
C103985,Mainstream,Northeast,2023-05-19
C103986,Occasional,Northeast,2023-01-01
C103987,Value Shopper,West,2024-06-12
C103988,Value Shopper,West,2023-09-13
C103989,Value Shopper,West,2022-12-12
C103990,Value Shopper,West,2023-06-26
C103991,Mainstream,South,2023-08-14
C103992,Mainstream,South,2024-04-26
C103993,Value Shopper,South,2023-04-21
C103994,Occasional,Northeast,2023-11-09
C103995,Occasional,South,2024-01-05
C103996,Value Shopper,South,2023-12-17
C103997,Value Shopper,South,2025-02-20
C103998,Value Shopper,South,2023-01-05
C103999,Value Shopper,Midwest,2025-01-31
C104000,Value Shopper,Northeast,2024-03-28
C104001,Mainstream,Northeast,2024-09-23
C104002,Value Shopper,Northeast,2023-11-23
C104003,Mainstream,Northeast,2023-12-13
C104004,Occasional,West,2024-12-02
C104005,Premium,Northeast,2024-12-16
C104006,Occasional,Northeast,2023-06-16
C104007,Value Shopper,South,2023-05-13
C104008,Mainstream,South,2024-01-16
C104009,Mainstream,Northeast,2024-12-20
C104010,Value Shopper,South,2023-08-25
C104011,Value Shopper,South,2024-05-26
C104012,Premium,Northeast,2024-07-12
C104013,Mainstream,Midwest,2024-09-09
C104014,Mainstream,West,2024-03-13
C104015,Mainstream,West,2023-10-31
C104016,Mainstream,South,2025-02-14
C104017,Value Shopper,Northeast,2024-04-22
C104018,Mainstream,Midwest,2024-07-29
C104019,Value Shopper,South,2023-09-13
C104020,Value Shopper,Northeast,2024-06-10
C104021,Occasional,Midwest,2023-07-02
C104022,Mainstream,South,2023-06-21
C104023,Premium,Midwest,2024-07-17
C104024,Mainstream,South,2024-02-06
C104025,Mainstream,West,2024-06-21
C104026,Value Shopper,Midwest,2023-07-11
C104027,Value Shopper,West,2024-04-11
C104028,Value Shopper,Northeast,2023-12-05
C104029,Premium,West,2024-04-10
C104030,Premium,Northeast,2023-07-29
C104031,Mainstream,Northeast,2024-07-18
C104032,Mainstream,South,2024-10-02
C104033,Occasional,Midwest,2023-07-03
C104034,Value Shopper,West,2023-08-06
C104035,Value Shopper,Midwest,2024-06-03
C104036,Mainstream,Midwest,2024-07-01
C104037,Premium,South,2024-07-09
C104038,Occasional,Midwest,2024-06-21
C104039,Value Shopper,Midwest,2023-10-23
C104040,Occasional,South,2023-10-24
C104041,Occasional,South,2023-06-29
C104042,Value Shopper,West,2023-04-08
C104043,Mainstream,West,2024-06-29
C104044,Mainstream,Northeast,2023-02-14
C104045,Occasional,South,2025-01-20
C104046,Value Shopper,Midwest,2024-10-19
C104047,Premium,South,2024-11-14
C104048,Mainstream,Midwest,2024-12-25
C104049,Premium,West,2023-11-05
C104050,Mainstream,South,2024-11-05
C104051,Mainstream,West,2023-04-09
C104052,Occasional,West,2022-12-16
C104053,Occasional,West,2024-09-14
C104054,Occasional,West,2023-01-29
C104055,Value Shopper,Midwest,2025-03-04
C104056,Premium,Northeast,2024-06-14
C104057,Value Shopper,Midwest,2024-08-19
C104058,Mainstream,Northeast,2023-06-21
C104059,Mainstream,South,2024-06-13
C104060,Mainstream,South,2023-01-03
C104061,Mainstream,South,2024-10-29
C104062,Occasional,West,2023-04-19
C104063,Value Shopper,West,2024-07-03
C104064,Premium,Northeast,2023-06-04
C104065,Mainstream,Midwest,2023-01-24
C104066,Value Shopper,Midwest,2024-01-04
C104067,Value Shopper,Midwest,2023-04-18
C104068,Occasional,South,2024-07-30
C104069,Occasional,South,2023-06-15
C104070,Occasional,South,2023-09-10
C104071,Occasional,West,2024-03-16
C104072,Value Shopper,West,2023-07-24
C104073,Mainstream,Northeast,2023-10-10
C104074,Premium,South,2024-10-10
C104075,Mainstream,Midwest,2023-04-27
C104076,Mainstream,Midwest,2023-02-04
C104077,Mainstream,Northeast,2023-08-30
C104078,Mainstream,Midwest,2023-11-18
C104079,Mainstream,Midwest,2024-02-24
C104080,Value Shopper,Northeast,2023-10-06
C104081,Mainstream,South,2024-09-18
C104082,Mainstream,South,2022-12-30
C104083,Mainstream,Northeast,2023-11-24
C104084,Value Shopper,Northeast,2023-10-14
C104085,Premium,West,2024-05-22
C104086,Value Shopper,Northeast,2025-02-13
C104087,Mainstream,West,2024-01-28
C104088,Premium,South,2025-03-03
C104089,Mainstream,Midwest,2023-08-08
C104090,Value Shopper,Northeast,2022-12-23
C104091,Premium,Northeast,2023-04-15
C104092,Mainstream,Northeast,2023-10-25
C104093,Premium,Northeast,2023-08-20
C104094,Premium,South,2023-02-17
C104095,Mainstream,Northeast,2023-11-25
C104096,Mainstream,South,2023-09-07
C104097,Value Shopper,South,2023-03-10
C104098,Value Shopper,Midwest,2023-08-03
C104099,Mainstream,Northeast,2024-12-08
C104100,Mainstream,Northeast,2023-08-08
C104101,Mainstream,Northeast,2024-07-17
C104102,Value Shopper,South,2024-04-22
C104103,Value Shopper,Midwest,2023-11-20
C104104,Mainstream,South,2023-06-16
C104105,Value Shopper,Midwest,2023-10-03
C104106,Premium,Midwest,2024-04-06
C104107,Value Shopper,South,2023-09-17
C104108,Mainstream,South,2023-05-27
C104109,Occasional,Northeast,2023-03-05
C104110,Value Shopper,Northeast,2024-12-03
C104111,Mainstream,South,2023-12-01
C104112,Value Shopper,Midwest,2024-05-03
C104113,Mainstream,Midwest,2024-01-11
C104114,Mainstream,South,2024-11-27
C104115,Mainstream,Midwest,2024-02-28
C104116,Mainstream,South,2024-01-03
C104117,Occasional,South,2025-01-09
C104118,Value Shopper,South,2024-07-22
C104119,Value Shopper,South,2023-03-01
C104120,Occasional,South,2023-04-25
C104121,Mainstream,South,2024-09-16
C104122,Occasional,West,2024-10-27
C104123,Mainstream,Midwest,2024-02-26
C104124,Occasional,Midwest,2024-03-05
C104125,Mainstream,South,2024-05-09
C104126,Premium,South,2023-11-30
C104127,Occasional,Northeast,2024-06-19
C104128,Mainstream,West,2023-02-26
C104129,Value Shopper,Northeast,2025-02-09
C104130,Value Shopper,South,2024-08-16
C104131,Value Shopper,South,2024-05-08
C104132,Value Shopper,West,2023-08-20
C104133,Mainstream,Northeast,2023-04-11
C104134,Mainstream,South,2023-11-06
C104135,Mainstream,Midwest,2024-06-03
C104136,Mainstream,Midwest,2024-05-11
C104137,Mainstream,Northeast,2023-10-14
C104138,Value Shopper,South,2024-04-23
C104139,Value Shopper,Midwest,2024-10-08
C104140,Value Shopper,Northeast,2022-12-20
C104141,Mainstream,South,2023-12-10
C104142,Value Shopper,South,2024-08-23
C104143,Value Shopper,South,2024-02-27
C104144,Mainstream,West,2024-05-25
C104145,Occasional,Midwest,2024-02-02
C104146,Value Shopper,West,2025-03-07
C104147,Mainstream,West,2023-01-12
C104148,Premium,Midwest,2024-01-12
C104149,Premium,Northeast,2023-02-12
C104150,Occasional,Midwest,2023-04-10
C104151,Value Shopper,Midwest,2023-10-14
C104152,Value Shopper,South,2023-04-07
C104153,Occasional,South,2025-02-11
C104154,Mainstream,South,2025-01-28
C104155,Mainstream,South,2023-09-05
C104156,Premium,Northeast,2024-05-16
C104157,Premium,West,2024-02-17
C104158,Occasional,Midwest,2024-10-10
C104159,Occasional,West,2024-05-05
C104160,Premium,Northeast,2022-11-28
C104161,Value Shopper,West,2024-08-27
C104162,Occasional,Northeast,2024-08-13
C104163,Value Shopper,Northeast,2024-01-28
C104164,Value Shopper,Northeast,2024-12-22
C104165,Occasional,South,2024-12-27
C104166,Value Shopper,West,2024-02-09
C104167,Value Shopper,Midwest,2024-04-19
C104168,Value Shopper,West,2025-03-11
C104169,Occasional,South,2023-08-05
C104170,Mainstream,South,2023-08-27
C104171,Premium,West,2023-04-30
C104172,Value Shopper,Midwest,2024-12-16
C104173,Premium,Midwest,2024-08-11
C104174,Premium,West,2023-02-24
C104175,Mainstream,West,2025-02-26
C104176,Mainstream,West,2024-07-31
C104177,Value Shopper,West,2024-11-08
C104178,Occasional,Northeast,2023-01-07
C104179,Mainstream,West,2024-01-24
C104180,Occasional,Midwest,2024-07-04
C104181,Mainstream,West,2024-02-24
C104182,Premium,Midwest,2024-06-07
C104183,Premium,South,2024-10-12
C104184,Premium,South,2023-10-07
C104185,Occasional,Midwest,2024-11-07
C104186,Mainstream,Northeast,2023-04-13
C104187,Value Shopper,West,2023-07-13
C104188,Premium,West,2023-01-03
C104189,Premium,Northeast,2023-09-29
C104190,Mainstream,South,2023-10-12
C104191,Value Shopper,South,2024-10-01
C104192,Mainstream,Midwest,2024-05-27
C104193,Mainstream,Northeast,2023-11-28
C104194,Mainstream,West,2024-05-26
C104195,Mainstream,South,2023-01-11
C104196,Premium,South,2023-04-28
C104197,Value Shopper,South,2024-05-05
C104198,Mainstream,Northeast,2024-05-17
C104199,Value Shopper,Midwest,2024-09-05
C104200,Value Shopper,Northeast,2023-10-31
C104201,Premium,Northeast,2024-07-24
C104202,Occasional,South,2024-06-22
C104203,Mainstream,West,2025-02-11
C104204,Premium,Midwest,2023-05-27
C104205,Occasional,Northeast,2024-03-03
C104206,Occasional,South,2024-04-14
C104207,Value Shopper,West,2025-03-12
C104208,Occasional,South,2023-05-15
C104209,Mainstream,West,2024-02-08
C104210,Mainstream,South,2023-09-14
C104211,Value Shopper,South,2024-02-10
C104212,Mainstream,Northeast,2023-06-10
C104213,Value Shopper,Midwest,2023-01-06
C104214,Value Shopper,Midwest,2024-03-20
C104215,Mainstream,South,2023-09-05
C104216,Occasional,West,2023-04-29
C104217,Occasional,West,2023-08-26
C104218,Mainstream,Northeast,2023-01-08
C104219,Occasional,Northeast,2025-01-31
C104220,Occasional,Midwest,2024-03-28
C104221,Premium,Midwest,2024-10-09
C104222,Value Shopper,South,2023-11-17
C104223,Premium,West,2024-12-22
C104224,Occasional,West,2024-01-06
C104225,Premium,South,2024-03-21
C104226,Mainstream,West,2024-01-13
C104227,Mainstream,South,2024-08-02
C104228,Mainstream,Northeast,2024-03-15
C104229,Mainstream,South,2023-07-13
C104230,Value Shopper,South,2023-03-29
C104231,Mainstream,South,2024-04-17
C104232,Occasional,Northeast,2024-01-10
C104233,Occasional,Midwest,2023-02-16
C104234,Value Shopper,Midwest,2023-10-25
C104235,Occasional,West,2024-02-01
C104236,Mainstream,Midwest,2024-10-19
C104237,Premium,South,2023-01-30
C104238,Premium,South,2023-09-16
C104239,Occasional,Northeast,2024-10-16
C104240,Occasional,South,2024-05-23
C104241,Mainstream,West,2023-07-28
C104242,Occasional,Midwest,2024-11-04
C104243,Value Shopper,West,2024-01-14
C104244,Premium,Northeast,2024-01-18
C104245,Premium,Northeast,2025-02-22
C104246,Premium,West,2025-01-28
C104247,Value Shopper,West,2023-09-24
C104248,Occasional,West,2023-03-25
C104249,Value Shopper,South,2023-08-27
C104250,Value Shopper,West,2022-12-23
C104251,Premium,West,2022-12-15
C104252,Mainstream,West,2023-10-25
C104253,Occasional,South,2025-01-23
C104254,Mainstream,Midwest,2024-11-26
C104255,Value Shopper,West,2024-01-29
C104256,Occasional,Midwest,2024-03-14
C104257,Mainstream,South,2022-12-02
C104258,Value Shopper,Midwest,2023-05-27
C104259,Premium,South,2022-12-18
C104260,Mainstream,Midwest,2024-08-20
C104261,Mainstream,Northeast,2023-03-30
C104262,Mainstream,West,2024-11-24
C104263,Occasional,Midwest,2024-05-19
C104264,Occasional,South,2023-06-08
C104265,Premium,Northeast,2023-04-09
C104266,Value Shopper,Northeast,2024-05-05
C104267,Occasional,Northeast,2024-12-20
C104268,Premium,South,2024-07-20
C104269,Premium,Northeast,2023-09-16
C104270,Mainstream,West,2024-04-02
C104271,Occasional,Northeast,2023-08-15
C104272,Premium,Northeast,2025-03-13
C104273,Value Shopper,Northeast,2024-08-15
C104274,Mainstream,Northeast,2024-04-24
C104275,Occasional,South,2023-11-17
C104276,Value Shopper,West,2024-04-28
C104277,Occasional,South,2023-09-10
C104278,Premium,Northeast,2022-12-22
C104279,Mainstream,Midwest,2023-10-25
C104280,Value Shopper,Midwest,2025-01-14
C104281,Value Shopper,West,2024-05-04
C104282,Occasional,Northeast,2023-02-06
C104283,Value Shopper,South,2024-12-07
C104284,Premium,Midwest,2023-07-11
C104285,Mainstream,Midwest,2023-06-20
C104286,Value Shopper,Midwest,2023-08-03
C104287,Value Shopper,Northeast,2024-03-24
C104288,Mainstream,South,2024-02-26
C104289,Occasional,Northeast,2024-01-12
C104290,Mainstream,South,2024-07-20
C104291,Mainstream,Northeast,2023-08-20
C104292,Mainstream,West,2024-09-12
C104293,Mainstream,Northeast,2023-04-23
C104294,Mainstream,West,2024-09-12
C104295,Occasional,West,2024-06-05
C104296,Mainstream,West,2024-06-21
C104297,Mainstream,Midwest,2024-01-04
C104298,Value Shopper,South,2024-06-07
C104299,Occasional,Midwest,2023-02-02
C104300,Value Shopper,Northeast,2024-11-09
C104301,Value Shopper,Midwest,2023-01-13
C104302,Premium,Northeast,2023-04-01
C104303,Mainstream,West,2024-03-24
C104304,Mainstream,Northeast,2024-08-07
C104305,Mainstream,South,2023-01-30
C104306,Premium,South,2025-01-06
C104307,Value Shopper,South,2025-02-19
C104308,Occasional,South,2024-04-17
C104309,Mainstream,Northeast,2024-01-04
C104310,Mainstream,South,2024-08-09
C104311,Mainstream,Midwest,2023-08-30
C104312,Value Shopper,West,2024-01-14
C104313,Premium,South,2025-01-02
C104314,Mainstream,West,2025-02-04
C104315,Mainstream,Northeast,2025-01-11
C104316,Mainstream,Midwest,2023-07-05
C104317,Occasional,Northeast,2023-06-10
C104318,Mainstream,Northeast,2023-08-04
C104319,Occasional,Northeast,2023-12-02
C104320,Mainstream,South,2023-08-18
C104321,Value Shopper,Northeast,2023-10-07
C104322,Value Shopper,South,2024-04-30
C104323,Mainstream,West,2024-08-26
C104324,Value Shopper,South,2024-08-04
C104325,Value Shopper,Midwest,2024-10-09
C104326,Occasional,Midwest,2022-12-24
C104327,Occasional,Midwest,2023-01-07
C104328,Premium,Northeast,2024-09-18
C104329,Value Shopper,South,2024-02-16
C104330,Value Shopper,Midwest,2024-03-25
C104331,Value Shopper,West,2023-01-11
C104332,Premium,South,2023-06-29
C104333,Occasional,South,2024-05-14
C104334,Mainstream,Midwest,2024-11-15
C104335,Value Shopper,Northeast,2025-01-03
C104336,Mainstream,South,2024-01-20
C104337,Mainstream,Midwest,2024-02-27
C104338,Mainstream,Northeast,2024-10-25
C104339,Mainstream,Northeast,2024-02-20
C104340,Premium,Northeast,2024-02-03
C104341,Value Shopper,South,2024-12-24
C104342,Value Shopper,Northeast,2024-09-18
C104343,Occasional,South,2024-12-27
C104344,Value Shopper,Midwest,2023-05-29
C104345,Value Shopper,South,2024-02-09
C104346,Value Shopper,West,2024-11-01
C104347,Value Shopper,West,2023-03-01
C104348,Mainstream,Midwest,2024-09-22
C104349,Occasional,Northeast,2023-04-30
C104350,Mainstream,Midwest,2024-10-04
C104351,Mainstream,South,2024-04-22
C104352,Premium,South,2023-05-08
C104353,Mainstream,South,2023-12-29
C104354,Occasional,Northeast,2024-06-20
C104355,Occasional,South,2024-05-11
C104356,Value Shopper,Northeast,2023-11-21
C104357,Premium,South,2024-12-19
C104358,Mainstream,Midwest,2024-02-05
C104359,Occasional,South,2024-01-24
C104360,Mainstream,Northeast,2023-01-19
C104361,Occasional,Midwest,2025-01-07
C104362,Premium,South,2023-04-25
C104363,Value Shopper,Northeast,2024-02-12
C104364,Mainstream,South,2024-09-30
C104365,Occasional,South,2023-05-27
C104366,Occasional,South,2024-02-11
C104367,Value Shopper,Midwest,2023-06-17
C104368,Premium,Midwest,2024-08-24
C104369,Mainstream,South,2024-03-13
C104370,Value Shopper,Midwest,2024-11-13
C104371,Mainstream,South,2024-12-15
C104372,Value Shopper,Midwest,2024-05-23
C104373,Occasional,Northeast,2024-07-26
C104374,Mainstream,Northeast,2024-03-01
C104375,Occasional,Northeast,2023-10-16
C104376,Value Shopper,Midwest,2024-05-23
C104377,Mainstream,South,2024-12-27
C104378,Value Shopper,South,2023-11-12
C104379,Value Shopper,Northeast,2023-08-18
C104380,Value Shopper,West,2023-10-19
C104381,Value Shopper,South,2023-11-27
C104382,Mainstream,West,2023-01-28
C104383,Value Shopper,South,2024-01-18
C104384,Mainstream,South,2024-01-15
C104385,Mainstream,Northeast,2024-04-03
C104386,Occasional,Northeast,2023-09-28
C104387,Occasional,Northeast,2024-04-23
C104388,Mainstream,South,2024-12-01
C104389,Mainstream,Midwest,2025-02-04
C104390,Value Shopper,South,2024-03-30
C104391,Occasional,Midwest,2023-01-02
C104392,Value Shopper,West,2025-02-16
C104393,Value Shopper,Northeast,2024-07-10
C104394,Value Shopper,Northeast,2023-09-05
C104395,Mainstream,Midwest,2023-03-31
C104396,Value Shopper,Midwest,2023-03-28
C104397,Premium,Midwest,2023-04-17
C104398,Value Shopper,South,2023-01-05
C104399,Mainstream,Northeast,2024-12-22
C104400,Value Shopper,Midwest,2024-02-23
C104401,Value Shopper,West,2024-07-05
C104402,Occasional,Northeast,2024-10-20
C104403,Value Shopper,West,2024-09-20
C104404,Occasional,West,2024-12-05
C104405,Mainstream,Northeast,2025-02-14
C104406,Value Shopper,Midwest,2023-11-30
C104407,Occasional,Midwest,2025-01-31
C104408,Value Shopper,South,2024-07-25
C104409,Occasional,South,2023-01-26
C104410,Value Shopper,South,2024-06-20
C104411,Occasional,South,2024-06-24
C104412,Value Shopper,Northeast,2024-12-25
C104413,Mainstream,West,2023-10-06
C104414,Premium,South,2024-03-31
C104415,Occasional,South,2022-12-08
C104416,Occasional,West,2023-09-02
C104417,Occasional,South,2023-01-19
C104418,Occasional,Northeast,2024-02-07
C104419,Value Shopper,Midwest,2024-10-12
C104420,Value Shopper,Midwest,2023-05-19
C104421,Value Shopper,Northeast,2024-02-11
C104422,Mainstream,West,2023-05-17
C104423,Mainstream,Northeast,2023-03-09
C104424,Mainstream,South,2024-01-29
C104425,Value Shopper,South,2023-02-02
C104426,Premium,Northeast,2024-04-02
C104427,Value Shopper,West,2022-12-24
C104428,Mainstream,West,2023-02-25
C104429,Mainstream,South,2024-03-01
C104430,Premium,Northeast,2024-04-05
C104431,Premium,Northeast,2022-12-22
C104432,Mainstream,Midwest,2024-03-21
C104433,Value Shopper,Northeast,2024-10-29
C104434,Mainstream,South,2024-07-24
C104435,Value Shopper,West,2023-03-17
C104436,Mainstream,South,2024-04-06
C104437,Mainstream,West,2024-06-12
C104438,Value Shopper,South,2022-12-29
C104439,Value Shopper,Midwest,2024-11-12
C104440,Occasional,West,2024-12-25
C104441,Occasional,Midwest,2024-11-08
C104442,Mainstream,West,2024-10-18
C104443,Value Shopper,Midwest,2024-08-12
C104444,Value Shopper,Northeast,2024-05-10
C104445,Mainstream,West,2024-06-17
C104446,Occasional,South,2024-10-02
C104447,Value Shopper,West,2024-06-04
C104448,Premium,West,2023-08-29
C104449,Value Shopper,Northeast,2023-10-09
C104450,Occasional,South,2024-12-17
C104451,Mainstream,Midwest,2022-12-12
C104452,Premium,South,2024-07-04
C104453,Mainstream,South,2025-02-04
C104454,Mainstream,Midwest,2024-07-10
C104455,Value Shopper,South,2025-03-08
C104456,Value Shopper,South,2024-06-25
C104457,Occasional,Northeast,2022-12-26
C104458,Occasional,West,2024-10-20
C104459,Occasional,South,2023-07-24
C104460,Mainstream,West,2023-12-06
C104461,Occasional,Midwest,2023-08-16
C104462,Value Shopper,Northeast,2023-07-11
C104463,Mainstream,South,2023-11-24
C104464,Mainstream,Northeast,2023-10-11
C104465,Mainstream,West,2024-05-10
C104466,Mainstream,Northeast,2024-10-08
C104467,Value Shopper,South,2023-08-03
C104468,Mainstream,South,2023-05-26
C104469,Occasional,Midwest,2024-06-07
C104470,Mainstream,Northeast,2024-06-10
C104471,Value Shopper,South,2024-12-21
C104472,Value Shopper,South,2022-12-11
C104473,Value Shopper,Midwest,2024-11-10
C104474,Value Shopper,West,2024-02-06
C104475,Mainstream,Midwest,2024-04-30
C104476,Mainstream,Midwest,2023-02-12
C104477,Premium,South,2023-11-25
C104478,Mainstream,Northeast,2023-06-06
C104479,Occasional,West,2023-06-29
C104480,Value Shopper,Midwest,2024-01-23
C104481,Mainstream,Northeast,2024-10-07
C104482,Occasional,Midwest,2024-08-11
C104483,Value Shopper,South,2024-04-05
C104484,Value Shopper,South,2024-02-22
C104485,Occasional,South,2023-11-21
C104486,Mainstream,Northeast,2025-02-19
C104487,Premium,Midwest,2024-03-10
C104488,Value Shopper,West,2023-06-28
C104489,Premium,Northeast,2023-06-08
C104490,Mainstream,West,2024-04-22
C104491,Value Shopper,Northeast,2024-02-08
C104492,Mainstream,West,2022-12-04
C104493,Value Shopper,Midwest,2024-10-22
C104494,Mainstream,South,2024-07-09
C104495,Value Shopper,Northeast,2024-06-03
C104496,Value Shopper,Northeast,2023-01-24
C104497,Value Shopper,Northeast,2023-09-27
C104498,Value Shopper,Northeast,2025-01-18
C104499,Occasional,Midwest,2024-11-18
C104500,Value Shopper,South,2023-07-25
C104501,Mainstream,South,2023-04-08
C104502,Value Shopper,South,2023-12-09
C104503,Mainstream,South,2023-09-22
C104504,Occasional,South,2024-06-20
C104505,Value Shopper,Midwest,2025-02-13
C104506,Occasional,Midwest,2023-09-28
C104507,Value Shopper,Midwest,2023-01-19
C104508,Premium,West,2024-12-18
C104509,Mainstream,Northeast,2022-12-29
C104510,Occasional,Northeast,2025-02-02
C104511,Mainstream,South,2024-06-05
C104512,Mainstream,Northeast,2025-01-24
C104513,Value Shopper,West,2023-05-14
C104514,Value Shopper,West,2023-01-01
C104515,Occasional,Northeast,2024-01-10
C104516,Mainstream,Northeast,2023-12-10
C104517,Mainstream,Midwest,2023-09-01
C104518,Premium,South,2025-02-06
C104519,Mainstream,Northeast,2024-10-16
C104520,Occasional,South,2024-06-03
C104521,Premium,South,2023-04-13
C104522,Mainstream,Midwest,2024-08-03
C104523,Occasional,Northeast,2024-07-28
C104524,Value Shopper,South,2023-11-19
C104525,Value Shopper,Northeast,2025-01-09
C104526,Mainstream,West,2023-04-16
C104527,Value Shopper,Midwest,2023-07-10
C104528,Premium,South,2023-01-19
C104529,Occasional,West,2024-09-23
C104530,Mainstream,West,2024-05-01
C104531,Mainstream,Midwest,2023-08-18
C104532,Occasional,Northeast,2023-04-14
C104533,Mainstream,South,2022-12-31
C104534,Mainstream,Midwest,2023-04-16
C104535,Mainstream,Northeast,2023-12-12
C104536,Occasional,West,2023-06-23
C104537,Mainstream,Northeast,2023-07-03
C104538,Premium,Northeast,2024-11-29
C104539,Occasional,Northeast,2024-02-01
C104540,Mainstream,South,2024-07-30
C104541,Mainstream,South,2022-12-27
C104542,Occasional,Midwest,2023-09-30
C104543,Mainstream,Midwest,2024-01-02
C104544,Premium,Midwest,2023-05-03
C104545,Occasional,South,2023-03-08
C104546,Mainstream,Northeast,2024-11-25
C104547,Premium,West,2025-01-22
C104548,Occasional,Northeast,2023-02-02
C104549,Occasional,West,2023-09-16
C104550,Mainstream,Northeast,2025-02-07
C104551,Value Shopper,South,2023-02-05
C104552,Mainstream,Northeast,2024-05-19
C104553,Premium,Northeast,2025-02-18
C104554,Mainstream,West,2025-02-23
C104555,Premium,West,2023-12-27
C104556,Mainstream,Midwest,2023-04-13
C104557,Mainstream,South,2023-05-16
C104558,Value Shopper,South,2024-12-11
C104559,Premium,West,2024-12-29
C104560,Mainstream,Midwest,2024-04-19
C104561,Value Shopper,South,2024-08-30
C104562,Value Shopper,Midwest,2024-08-08
C104563,Premium,Midwest,2024-06-03
C104564,Mainstream,West,2024-10-20
C104565,Value Shopper,Northeast,2024-06-23
C104566,Occasional,Northeast,2024-02-17
C104567,Premium,South,2023-06-14
C104568,Occasional,South,2024-08-11
C104569,Mainstream,Northeast,2023-12-29
C104570,Mainstream,Midwest,2023-08-02
C104571,Occasional,West,2024-09-29
C104572,Mainstream,Northeast,2024-07-02
C104573,Premium,South,2025-01-20
C104574,Value Shopper,South,2023-04-15
C104575,Mainstream,Midwest,2024-05-24
C104576,Value Shopper,West,2023-06-20
C104577,Value Shopper,South,2024-12-23
C104578,Value Shopper,Midwest,2023-02-19
C104579,Value Shopper,South,2024-05-29
C104580,Occasional,South,2024-09-19
C104581,Value Shopper,South,2023-09-21
C104582,Premium,West,2025-02-03
C104583,Occasional,Midwest,2024-11-08
C104584,Mainstream,Midwest,2023-08-01
C104585,Value Shopper,Northeast,2022-12-04
C104586,Premium,Northeast,2023-08-03
C104587,Mainstream,Northeast,2023-07-21
C104588,Premium,West,2024-12-11
C104589,Premium,South,2025-02-14
C104590,Occasional,South,2023-01-26
C104591,Mainstream,South,2023-12-27
C104592,Mainstream,West,2024-02-29
C104593,Mainstream,Midwest,2023-02-13
C104594,Value Shopper,West,2023-10-10
C104595,Occasional,Midwest,2023-08-20
C104596,Value Shopper,West,2024-02-19
C104597,Mainstream,South,2024-06-03
C104598,Occasional,Northeast,2024-07-08
C104599,Mainstream,South,2023-03-22
C104600,Mainstream,South,2024-10-08
C104601,Mainstream,Northeast,2024-06-17
C104602,Occasional,South,2024-12-11
C104603,Mainstream,Midwest,2023-12-09
C104604,Occasional,Northeast,2024-12-15
C104605,Value Shopper,West,2024-11-21
C104606,Premium,South,2023-11-30
C104607,Occasional,West,2023-10-13
C104608,Value Shopper,South,2025-01-16
C104609,Mainstream,Midwest,2024-07-18
C104610,Value Shopper,South,2025-01-12
C104611,Premium,South,2024-09-24
C104612,Mainstream,West,2024-04-20
C104613,Mainstream,Northeast,2023-03-05
C104614,Value Shopper,West,2023-07-30
C104615,Value Shopper,West,2025-02-15
C104616,Value Shopper,South,2023-08-22
C104617,Mainstream,West,2023-02-14
C104618,Mainstream,Midwest,2024-07-11
C104619,Occasional,West,2024-08-03
C104620,Premium,South,2023-07-25
C104621,Mainstream,Northeast,2023-08-04
C104622,Occasional,West,2023-12-25
C104623,Premium,Midwest,2022-12-16
C104624,Occasional,Midwest,2024-09-18
C104625,Mainstream,South,2023-08-20
C104626,Value Shopper,Northeast,2024-11-11
C104627,Value Shopper,Midwest,2024-09-29
C104628,Premium,West,2024-06-03
C104629,Value Shopper,Northeast,2023-08-27
C104630,Mainstream,Northeast,2024-02-02
C104631,Mainstream,Northeast,2023-12-05
C104632,Mainstream,Midwest,2023-09-07
C104633,Mainstream,South,2024-11-06
C104634,Value Shopper,South,2024-01-06
C104635,Mainstream,West,2024-10-24
C104636,Mainstream,South,2023-02-24
C104637,Occasional,Northeast,2023-03-26
C104638,Premium,West,2025-02-22
C104639,Occasional,South,2024-04-02
C104640,Premium,South,2024-01-28
C104641,Mainstream,South,2024-02-08
C104642,Value Shopper,West,2023-05-27
C104643,Premium,South,2024-07-21
C104644,Mainstream,Midwest,2023-02-07
C104645,Mainstream,South,2024-03-21
C104646,Mainstream,Northeast,2024-03-19
C104647,Mainstream,Midwest,2025-01-01
C104648,Mainstream,Midwest,2024-02-10
C104649,Mainstream,Northeast,2023-03-22
C104650,Value Shopper,Northeast,2024-03-20
C104651,Occasional,Northeast,2023-02-12
C104652,Value Shopper,South,2023-05-17
C104653,Value Shopper,West,2022-12-24
C104654,Mainstream,West,2024-01-31
C104655,Premium,Midwest,2023-02-06
C104656,Mainstream,South,2023-12-26
C104657,Value Shopper,West,2025-01-16
C104658,Mainstream,Northeast,2024-07-22
C104659,Mainstream,South,2023-01-31
C104660,Occasional,South,2023-06-03
C104661,Occasional,Northeast,2024-06-13
C104662,Mainstream,West,2024-12-15
C104663,Mainstream,West,2022-12-25
C104664,Premium,Northeast,2024-10-07
C104665,Value Shopper,Northeast,2024-03-11
C104666,Mainstream,Northeast,2024-02-27
C104667,Mainstream,Midwest,2025-02-06
C104668,Occasional,South,2024-08-14
C104669,Value Shopper,South,2024-11-08
C104670,Mainstream,Northeast,2023-09-20
C104671,Premium,West,2024-03-05
C104672,Mainstream,Midwest,2024-04-25
C104673,Value Shopper,Northeast,2023-08-24
C104674,Occasional,Midwest,2024-03-18
C104675,Mainstream,South,2023-06-14
C104676,Mainstream,Midwest,2023-03-28
C104677,Value Shopper,Northeast,2023-10-07
C104678,Mainstream,Northeast,2024-08-07
C104679,Mainstream,West,2025-01-02
C104680,Value Shopper,West,2023-12-16
C104681,Value Shopper,Midwest,2024-05-18
C104682,Occasional,Midwest,2023-02-22
C104683,Value Shopper,South,2024-12-23
C104684,Value Shopper,South,2024-03-17
C104685,Mainstream,Midwest,2024-09-10
C104686,Premium,West,2024-09-22
C104687,Value Shopper,South,2023-06-30
C104688,Mainstream,Midwest,2024-02-13
C104689,Value Shopper,South,2025-02-08
C104690,Value Shopper,West,2023-02-11
C104691,Value Shopper,South,2024-06-21
C104692,Occasional,Northeast,2025-02-10
C104693,Value Shopper,Midwest,2023-08-06
C104694,Value Shopper,Midwest,2024-11-17
C104695,Mainstream,Midwest,2025-01-17
C104696,Occasional,South,2024-08-14
C104697,Value Shopper,West,2023-06-09
C104698,Mainstream,South,2023-09-03
C104699,Value Shopper,West,2022-12-28
C104700,Mainstream,Northeast,2024-10-23
C104701,Mainstream,West,2024-11-07
C104702,Mainstream,South,2024-05-10
C104703,Mainstream,Midwest,2023-09-19
C104704,Mainstream,South,2023-01-31
C104705,Value Shopper,Northeast,2024-08-19
C104706,Mainstream,South,2024-07-27
C104707,Value Shopper,South,2024-12-30
C104708,Premium,Midwest,2024-07-31
C104709,Occasional,South,2024-10-21
C104710,Occasional,South,2024-08-13
C104711,Occasional,Northeast,2024-05-08
C104712,Mainstream,Northeast,2023-11-20
C104713,Premium,Midwest,2024-12-21
C104714,Value Shopper,South,2024-05-25
C104715,Mainstream,West,2023-10-27
C104716,Mainstream,West,2023-02-05
C104717,Mainstream,South,2023-07-29
C104718,Premium,South,2024-02-25
C104719,Value Shopper,Midwest,2023-07-16
C104720,Mainstream,South,2023-06-01
C104721,Occasional,Northeast,2024-02-11
C104722,Value Shopper,Midwest,2023-04-19
C104723,Mainstream,South,2024-09-27
C104724,Occasional,Northeast,2024-01-06
C104725,Mainstream,South,2024-03-21
C104726,Mainstream,West,2023-03-31
C104727,Value Shopper,Midwest,2023-08-26
C104728,Mainstream,Midwest,2023-11-06
C104729,Occasional,West,2024-10-04
C104730,Mainstream,South,2024-09-02
C104731,Mainstream,Midwest,2023-06-02
C104732,Value Shopper,Midwest,2024-04-26
C104733,Value Shopper,South,2023-06-20
C104734,Occasional,South,2025-03-04
C104735,Mainstream,Northeast,2025-02-01
C104736,Mainstream,Midwest,2024-03-13
C104737,Value Shopper,West,2024-07-04
C104738,Premium,South,2024-09-28
C104739,Occasional,West,2024-07-23
C104740,Mainstream,South,2024-07-05
C104741,Value Shopper,West,2025-02-07
C104742,Mainstream,Northeast,2024-04-09
C104743,Premium,South,2024-05-13
C104744,Mainstream,Northeast,2024-11-07
C104745,Occasional,South,2024-06-10
C104746,Mainstream,Midwest,2024-08-02
C104747,Occasional,Midwest,2023-06-12
C104748,Mainstream,West,2023-10-05
C104749,Value Shopper,West,2023-03-31
C104750,Mainstream,Northeast,2024-01-24
C104751,Value Shopper,South,2023-12-14
C104752,Occasional,Midwest,2025-03-11
C104753,Premium,Midwest,2024-04-22
C104754,Premium,West,2024-09-16
C104755,Mainstream,Midwest,2023-09-03
C104756,Value Shopper,West,2024-10-23
C104757,Premium,Northeast,2024-04-25
C104758,Mainstream,South,2024-07-03
C104759,Value Shopper,South,2023-08-01
C104760,Mainstream,Northeast,2024-02-29
C104761,Value Shopper,Midwest,2024-05-11
C104762,Mainstream,West,2024-04-03
C104763,Mainstream,South,2025-01-01
C104764,Value Shopper,Midwest,2024-12-18
C104765,Occasional,South,2025-02-17
C104766,Value Shopper,Northeast,2024-06-08
C104767,Value Shopper,Northeast,2025-02-18
C104768,Value Shopper,Midwest,2024-10-24
C104769,Premium,Northeast,2023-07-12
C104770,Mainstream,West,2023-11-21
C104771,Mainstream,South,2023-06-15
C104772,Value Shopper,West,2022-12-01
C104773,Value Shopper,South,2023-05-04
C104774,Mainstream,West,2022-12-01
C104775,Occasional,South,2024-07-22
C104776,Occasional,South,2023-11-19
C104777,Value Shopper,West,2023-08-16
C104778,Mainstream,South,2024-08-26
C104779,Occasional,Northeast,2024-10-24
C104780,Mainstream,South,2025-02-21
C104781,Occasional,West,2024-05-18
C104782,Value Shopper,South,2023-12-19
C104783,Occasional,South,2023-08-10
C104784,Premium,South,2023-06-02
C104785,Occasional,West,2023-05-25
C104786,Premium,Northeast,2023-11-05
C104787,Mainstream,South,2025-03-07
C104788,Occasional,Midwest,2022-11-28
C104789,Value Shopper,South,2023-05-12
C104790,Mainstream,South,2023-05-04
C104791,Premium,Northeast,2024-07-19
C104792,Premium,Northeast,2023-09-19
C104793,Occasional,South,2023-12-16
C104794,Value Shopper,Northeast,2023-04-01
C104795,Premium,Northeast,2023-11-02
C104796,Premium,West,2023-02-22
C104797,Value Shopper,Midwest,2024-02-16
C104798,Mainstream,Midwest,2023-02-18
C104799,Value Shopper,West,2024-09-19
C104800,Mainstream,Northeast,2024-03-15
C104801,Occasional,Midwest,2024-07-25
C104802,Mainstream,South,2023-11-13
C104803,Premium,South,2023-10-13
C104804,Occasional,West,2023-02-18
C104805,Mainstream,West,2024-02-08
C104806,Occasional,South,2024-02-01
C104807,Mainstream,Northeast,2023-12-25
C104808,Occasional,Northeast,2024-08-08
C104809,Value Shopper,Midwest,2024-10-24
C104810,Occasional,Northeast,2024-08-17
C104811,Value Shopper,South,2023-03-28
C104812,Mainstream,South,2024-05-01
C104813,Premium,Northeast,2023-02-03
C104814,Mainstream,West,2024-07-01
C104815,Mainstream,Northeast,2023-10-13
C104816,Mainstream,Midwest,2023-03-19
C104817,Premium,South,2024-11-18
C104818,Value Shopper,Midwest,2024-04-24
C104819,Value Shopper,Midwest,2023-09-21
C104820,Value Shopper,Northeast,2022-12-23
C104821,Mainstream,Midwest,2024-02-20
C104822,Value Shopper,South,2025-01-08
C104823,Mainstream,West,2024-04-09
C104824,Mainstream,Midwest,2025-02-18
C104825,Value Shopper,Midwest,2023-03-22
C104826,Mainstream,South,2024-03-17
C104827,Occasional,West,2024-09-25
C104828,Value Shopper,Northeast,2024-02-10
C104829,Mainstream,Midwest,2023-02-12
C104830,Premium,South,2024-03-29
C104831,Mainstream,South,2024-04-22
C104832,Premium,Northeast,2024-07-29
C104833,Mainstream,South,2024-08-25
C104834,Mainstream,Northeast,2024-09-02
C104835,Value Shopper,South,2024-06-04
C104836,Premium,South,2023-05-27
C104837,Premium,West,2023-11-01
C104838,Value Shopper,Midwest,2024-09-07
C104839,Mainstream,Northeast,2025-02-02
C104840,Occasional,Northeast,2023-02-02
C104841,Mainstream,West,2024-02-18
C104842,Mainstream,Northeast,2023-08-16
C104843,Occasional,Midwest,2023-06-04
C104844,Premium,Northeast,2024-01-24
C104845,Mainstream,South,2024-04-17
C104846,Premium,Midwest,2022-12-06
C104847,Occasional,Midwest,2024-09-10
C104848,Mainstream,Midwest,2024-10-14
C104849,Mainstream,West,2025-02-13
C104850,Mainstream,South,2023-04-28
C104851,Occasional,South,2024-04-08
C104852,Premium,West,2023-11-20
C104853,Value Shopper,West,2023-09-04
C104854,Occasional,Midwest,2024-03-15
C104855,Mainstream,West,2024-09-12
C104856,Value Shopper,Northeast,2022-12-17
C104857,Mainstream,Midwest,2025-02-16
C104858,Mainstream,West,2024-10-05
C104859,Occasional,Northeast,2024-08-17
C104860,Value Shopper,Northeast,2024-08-25
C104861,Occasional,Midwest,2023-10-20
C104862,Mainstream,South,2024-08-17
C104863,Value Shopper,Midwest,2023-10-18
C104864,Occasional,South,2024-12-19
C104865,Mainstream,West,2023-04-25
C104866,Value Shopper,South,2023-07-30
C104867,Mainstream,Northeast,2024-03-03
C104868,Occasional,West,2023-08-22
C104869,Mainstream,Northeast,2023-11-18
C104870,Value Shopper,Northeast,2024-01-13
C104871,Value Shopper,Northeast,2024-11-13
C104872,Value Shopper,South,2024-02-08
C104873,Premium,Northeast,2023-09-27
C104874,Mainstream,Northeast,2023-06-23
C104875,Value Shopper,Midwest,2023-11-05
C104876,Value Shopper,Midwest,2024-02-02
C104877,Mainstream,South,2024-08-13
C104878,Occasional,West,2023-03-09
C104879,Mainstream,South,2023-06-01
C104880,Occasional,Northeast,2023-10-12
C104881,Mainstream,Northeast,2023-09-26
C104882,Value Shopper,West,2023-10-22
C104883,Occasional,Northeast,2024-09-21
C104884,Mainstream,West,2023-08-26
C104885,Premium,Northeast,2024-01-21
C104886,Occasional,West,2024-05-02
C104887,Value Shopper,Midwest,2023-06-10
C104888,Value Shopper,Midwest,2024-07-21
C104889,Premium,South,2024-02-28
C104890,Value Shopper,South,2023-12-07
C104891,Value Shopper,Midwest,2024-10-05
C104892,Value Shopper,South,2023-06-20
C104893,Value Shopper,South,2024-12-06
C104894,Premium,Northeast,2024-03-11
C104895,Value Shopper,Northeast,2024-04-20
C104896,Mainstream,Midwest,2024-11-29
C104897,Mainstream,Northeast,2024-10-12
C104898,Mainstream,South,2024-04-14
C104899,Value Shopper,Northeast,2024-08-19
C104900,Premium,Midwest,2023-11-26
C104901,Value Shopper,Northeast,2024-02-28
C104902,Premium,South,2023-01-19
C104903,Occasional,Northeast,2023-02-11
C104904,Mainstream,Northeast,2024-10-22
C104905,Mainstream,Northeast,2023-01-17
C104906,Mainstream,West,2023-04-18
C104907,Mainstream,Northeast,2024-09-23
C104908,Occasional,South,2022-11-28
C104909,Occasional,Northeast,2023-07-22
C104910,Mainstream,Northeast,2024-03-30
C104911,Mainstream,South,2024-04-08
C104912,Occasional,Midwest,2024-09-08
C104913,Occasional,West,2024-01-24
C104914,Mainstream,West,2024-01-27
C104915,Mainstream,South,2024-07-26
C104916,Value Shopper,South,2024-01-18
C104917,Occasional,Midwest,2024-04-19
C104918,Value Shopper,Midwest,2024-12-18
C104919,Mainstream,West,2023-10-30
C104920,Value Shopper,South,2023-10-16
C104921,Value Shopper,South,2022-11-30
C104922,Mainstream,Northeast,2024-04-24
C104923,Occasional,Northeast,2022-12-22
C104924,Value Shopper,West,2024-01-23
C104925,Mainstream,Midwest,2024-09-30
C104926,Value Shopper,Midwest,2024-03-01
C104927,Value Shopper,Northeast,2023-07-11
C104928,Mainstream,West,2024-09-15
C104929,Mainstream,Northeast,2023-07-12
C104930,Value Shopper,West,2024-08-02
C104931,Mainstream,Northeast,2024-04-21
C104932,Value Shopper,West,2023-04-19
C104933,Mainstream,South,2024-12-24
C104934,Occasional,Northeast,2023-05-15
C104935,Occasional,South,2025-03-05
C104936,Mainstream,Midwest,2022-12-04
C104937,Mainstream,Northeast,2023-07-06
C104938,Occasional,West,2023-05-14
C104939,Value Shopper,Midwest,2022-12-09
C104940,Occasional,Midwest,2024-08-01
C104941,Occasional,Northeast,2024-06-30
C104942,Value Shopper,Midwest,2024-09-20
C104943,Value Shopper,West,2023-07-01
C104944,Occasional,Midwest,2023-12-05
C104945,Mainstream,West,2024-06-01
C104946,Value Shopper,West,2023-12-01
C104947,Value Shopper,Northeast,2024-07-03
C104948,Mainstream,Northeast,2024-05-11
C104949,Premium,West,2023-03-04
C104950,Premium,Midwest,2024-09-11
C104951,Occasional,Northeast,2024-07-22
C104952,Value Shopper,Northeast,2024-05-29
C104953,Mainstream,South,2023-04-06
C104954,Mainstream,South,2023-07-10
C104955,Mainstream,Northeast,2023-10-23
C104956,Value Shopper,Northeast,2023-07-20
C104957,Occasional,West,2023-06-06
C104958,Occasional,South,2024-10-01
C104959,Mainstream,South,2024-05-14
C104960,Mainstream,South,2024-03-14
C104961,Value Shopper,Midwest,2023-06-05
C104962,Mainstream,South,2025-01-04
C104963,Premium,Midwest,2023-05-07
C104964,Mainstream,Northeast,2024-09-23
C104965,Occasional,South,2025-02-14
C104966,Mainstream,Midwest,2024-07-28
C104967,Mainstream,West,2025-03-08
C104968,Premium,Midwest,2024-05-25
C104969,Value Shopper,West,2023-05-29
C104970,Mainstream,West,2023-05-17
C104971,Mainstream,Northeast,2023-08-26
C104972,Mainstream,South,2022-12-03
C104973,Premium,Midwest,2024-06-20
C104974,Mainstream,West,2023-07-11
C104975,Premium,Midwest,2024-10-10
C104976,Mainstream,South,2023-09-24
C104977,Mainstream,Midwest,2024-01-03
C104978,Occasional,Northeast,2025-02-13
C104979,Value Shopper,Northeast,2023-06-18
C104980,Value Shopper,Midwest,2024-07-23
C104981,Mainstream,South,2024-08-20
C104982,Value Shopper,South,2023-06-01
C104983,Value Shopper,South,2024-01-20
C104984,Mainstream,Midwest,2023-09-17
C104985,Mainstream,Midwest,2024-09-03
C104986,Mainstream,Northeast,2024-05-01
C104987,Occasional,West,2023-12-31
C104988,Mainstream,West,2024-09-10
C104989,Occasional,Midwest,2023-06-13
C104990,Value Shopper,Northeast,2024-08-19
C104991,Mainstream,Northeast,2024-11-21
C104992,Occasional,South,2024-12-02
C104993,Mainstream,South,2024-09-13
C104994,Premium,South,2023-11-04
C104995,Mainstream,Northeast,2025-02-26
C104996,Value Shopper,South,2023-10-12
C104997,Mainstream,South,2024-05-15
C104998,Mainstream,Midwest,2023-04-11
C104999,Occasional,South,2025-02-25
C105000,Value Shopper,Northeast,2024-07-08
C105001,Occasional,Midwest,2024-08-19
C105002,Occasional,West,2023-01-22
C105003,Value Shopper,Midwest,2024-08-27
C105004,Mainstream,West,2024-09-06
C105005,Occasional,South,2024-06-11
C105006,Occasional,Northeast,2023-07-30
C105007,Mainstream,South,2024-01-11
C105008,Mainstream,South,2023-02-28
C105009,Mainstream,Midwest,2023-12-28
C105010,Premium,Northeast,2023-06-20
C105011,Value Shopper,Midwest,2023-09-16
C105012,Premium,Northeast,2023-04-13
C105013,Value Shopper,Northeast,2023-06-08
C105014,Value Shopper,Midwest,2023-01-31
C105015,Mainstream,Midwest,2025-01-05
C105016,Mainstream,West,2024-02-14
C105017,Mainstream,Midwest,2023-10-26
C105018,Mainstream,South,2024-02-18
C105019,Mainstream,South,2024-05-06
C105020,Value Shopper,South,2025-01-07
C105021,Mainstream,Northeast,2023-04-26
C105022,Occasional,West,2023-08-02
C105023,Mainstream,South,2025-02-21
C105024,Mainstream,West,2023-10-05
C105025,Mainstream,Midwest,2022-12-16
C105026,Occasional,Northeast,2023-03-31
C105027,Value Shopper,South,2022-12-20
C105028,Premium,Northeast,2025-03-05
C105029,Premium,Midwest,2023-07-19
C105030,Mainstream,Northeast,2025-01-08
C105031,Value Shopper,South,2025-03-10
C105032,Premium,West,2024-04-12
C105033,Value Shopper,Midwest,2022-12-25
C105034,Mainstream,West,2023-02-04
C105035,Premium,South,2024-01-04
C105036,Value Shopper,Midwest,2023-11-03
C105037,Occasional,West,2024-04-17
C105038,Value Shopper,West,2023-11-30
C105039,Occasional,South,2025-01-17
C105040,Mainstream,Midwest,2024-02-18
C105041,Value Shopper,South,2024-06-30
C105042,Value Shopper,Northeast,2024-12-17
C105043,Occasional,Midwest,2023-03-31
C105044,Value Shopper,Midwest,2023-06-08
C105045,Value Shopper,West,2023-02-25
C105046,Mainstream,West,2023-03-25
C105047,Mainstream,Midwest,2024-01-30
C105048,Mainstream,Northeast,2023-08-24
C105049,Value Shopper,West,2023-11-17
C105050,Value Shopper,Northeast,2025-02-27
C105051,Value Shopper,South,2023-04-08
C105052,Value Shopper,Northeast,2024-02-23
C105053,Mainstream,Midwest,2023-02-18
C105054,Premium,West,2023-08-21
C105055,Value Shopper,Northeast,2024-02-12
C105056,Mainstream,Midwest,2025-01-28
C105057,Mainstream,Midwest,2023-10-21
C105058,Occasional,West,2023-01-21
C105059,Occasional,West,2023-10-19
C105060,Occasional,Northeast,2023-03-30
C105061,Value Shopper,Northeast,2023-06-08
C105062,Value Shopper,South,2024-04-27
C105063,Mainstream,Midwest,2023-01-23
C105064,Value Shopper,South,2023-12-22
C105065,Mainstream,Northeast,2024-04-20
C105066,Premium,Northeast,2023-11-16
C105067,Occasional,South,2022-12-14
C105068,Occasional,Northeast,2025-03-01
C105069,Mainstream,West,2023-10-01
C105070,Premium,Northeast,2024-09-09
C105071,Mainstream,Northeast,2023-08-27
C105072,Value Shopper,West,2023-12-31
C105073,Premium,Midwest,2023-10-19
C105074,Value Shopper,South,2023-09-11
C105075,Mainstream,Northeast,2022-12-16
C105076,Mainstream,South,2023-09-25
C105077,Premium,South,2024-12-11
C105078,Premium,Midwest,2024-06-27
C105079,Mainstream,West,2023-03-29
C105080,Occasional,South,2024-04-05
C105081,Value Shopper,Midwest,2024-12-13
C105082,Mainstream,South,2024-07-05
C105083,Premium,South,2023-04-01
C105084,Premium,Northeast,2024-11-23
C105085,Occasional,Midwest,2023-08-07
C105086,Value Shopper,Midwest,2023-12-13
C105087,Premium,Midwest,2024-02-10
C105088,Mainstream,South,2024-11-08
C105089,Occasional,Midwest,2025-01-15
C105090,Value Shopper,West,2025-01-14
C105091,Premium,Midwest,2022-12-04
C105092,Mainstream,Midwest,2025-01-07
C105093,Value Shopper,South,2023-01-12
C105094,Mainstream,South,2023-07-08
C105095,Mainstream,South,2024-02-01
C105096,Mainstream,Northeast,2024-01-03
C105097,Occasional,Midwest,2024-04-16
C105098,Mainstream,Northeast,2024-01-02
C105099,Mainstream,West,2025-01-18
C105100,Mainstream,Midwest,2023-06-17
C105101,Value Shopper,West,2023-07-15
C105102,Value Shopper,South,2025-01-06
C105103,Mainstream,Midwest,2023-01-31
C105104,Mainstream,South,2024-04-20
C105105,Value Shopper,West,2024-06-20
C105106,Mainstream,West,2024-01-24
C105107,Mainstream,Northeast,2024-06-30
C105108,Value Shopper,Midwest,2023-04-21
C105109,Mainstream,Midwest,2024-11-10
C105110,Value Shopper,Northeast,2023-03-25
C105111,Occasional,South,2023-10-29
C105112,Occasional,West,2023-01-30
C105113,Premium,Midwest,2024-02-26
C105114,Value Shopper,South,2024-06-10
C105115,Premium,South,2025-01-23
C105116,Occasional,Midwest,2024-08-07
C105117,Premium,Northeast,2024-02-23
C105118,Value Shopper,South,2025-01-16
C105119,Mainstream,West,2024-01-01
C105120,Occasional,South,2024-03-11
C105121,Mainstream,Northeast,2024-04-09
C105122,Mainstream,Northeast,2023-11-06
C105123,Mainstream,Northeast,2024-10-29
C105124,Mainstream,South,2023-05-02
C105125,Value Shopper,South,2024-03-05
C105126,Mainstream,Northeast,2024-07-24
C105127,Value Shopper,West,2024-12-23
C105128,Mainstream,South,2024-12-06
C105129,Value Shopper,South,2024-01-27
C105130,Mainstream,West,2024-05-18
C105131,Value Shopper,Northeast,2023-10-24
C105132,Premium,West,2023-12-25
C105133,Premium,Northeast,2024-12-25
C105134,Value Shopper,Midwest,2025-01-14
C105135,Value Shopper,West,2024-12-16
C105136,Value Shopper,West,2023-03-23
C105137,Occasional,South,2024-11-08
C105138,Mainstream,South,2025-01-29
C105139,Mainstream,South,2023-09-26
C105140,Value Shopper,West,2024-02-04
C105141,Mainstream,Northeast,2024-09-09
C105142,Occasional,West,2024-03-12
C105143,Occasional,Midwest,2025-03-08
C105144,Mainstream,Midwest,2023-12-14
C105145,Value Shopper,Midwest,2024-07-17
C105146,Value Shopper,South,2024-09-21
C105147,Value Shopper,West,2024-01-15
C105148,Value Shopper,South,2024-11-14
C105149,Value Shopper,West,2024-02-27
C105150,Value Shopper,Northeast,2023-11-07
C105151,Mainstream,South,2023-02-26
C105152,Occasional,West,2023-10-23
C105153,Mainstream,South,2024-08-03
C105154,Occasional,South,2025-01-07
C105155,Premium,South,2023-06-26
C105156,Value Shopper,West,2023-09-21
C105157,Premium,West,2023-04-06
C105158,Value Shopper,Northeast,2024-06-27
C105159,Mainstream,West,2025-02-08
C105160,Mainstream,Midwest,2024-05-17
C105161,Occasional,Northeast,2024-04-27
C105162,Value Shopper,West,2024-03-04
C105163,Value Shopper,Midwest,2023-02-10
C105164,Occasional,West,2024-07-30
C105165,Value Shopper,Northeast,2024-04-14
C105166,Premium,Northeast,2024-06-03
C105167,Premium,Midwest,2024-12-19
C105168,Occasional,Northeast,2024-09-13
C105169,Occasional,South,2024-09-11
C105170,Occasional,Northeast,2025-01-11
C105171,Value Shopper,Midwest,2025-03-05
C105172,Occasional,Northeast,2024-03-28
C105173,Mainstream,Midwest,2023-02-27
C105174,Mainstream,South,2023-12-17
C105175,Value Shopper,Northeast,2024-09-17
C105176,Premium,South,2022-12-21
C105177,Occasional,West,2023-01-14
C105178,Occasional,South,2023-01-23
C105179,Mainstream,West,2024-07-31
C105180,Value Shopper,Northeast,2024-01-20
C105181,Mainstream,Northeast,2023-10-03
C105182,Occasional,West,2023-02-24
C105183,Premium,South,2024-08-01
C105184,Mainstream,South,2023-08-24
C105185,Value Shopper,South,2023-07-08
C105186,Mainstream,Midwest,2024-05-26
C105187,Mainstream,Northeast,2024-03-09
C105188,Occasional,South,2023-09-27
C105189,Mainstream,South,2024-05-17
C105190,Mainstream,Midwest,2023-07-13
C105191,Mainstream,West,2024-09-23
C105192,Value Shopper,Midwest,2023-06-08
C105193,Occasional,Midwest,2023-04-10
C105194,Mainstream,West,2024-09-12
C105195,Mainstream,South,2024-07-12
C105196,Mainstream,South,2023-04-30
C105197,Premium,Northeast,2023-03-05
C105198,Premium,Northeast,2024-10-29
C105199,Premium,South,2024-09-07
C105200,Value Shopper,Midwest,2023-08-29
C105201,Mainstream,West,2024-05-31
C105202,Value Shopper,West,2023-03-12
C105203,Premium,West,2024-01-25
C105204,Value Shopper,Midwest,2022-12-13
C105205,Mainstream,South,2023-10-22
C105206,Occasional,Midwest,2023-01-29
C105207,Occasional,Northeast,2023-12-31
C105208,Mainstream,Northeast,2023-11-16
C105209,Mainstream,Midwest,2023-12-05
C105210,Value Shopper,West,2023-01-04
C105211,Premium,Northeast,2023-09-27
C105212,Occasional,Northeast,2024-08-21
C105213,Value Shopper,West,2023-10-03
C105214,Mainstream,Northeast,2024-07-18
C105215,Occasional,South,2023-10-03
C105216,Occasional,Midwest,2023-11-17
C105217,Value Shopper,Northeast,2024-03-13
C105218,Mainstream,West,2025-01-31
C105219,Value Shopper,Northeast,2023-02-27
C105220,Value Shopper,South,2022-12-25
C105221,Occasional,Northeast,2024-04-19
C105222,Occasional,Northeast,2025-01-30
C105223,Premium,Northeast,2025-03-05
C105224,Value Shopper,Northeast,2024-01-06
C105225,Occasional,Northeast,2023-12-25
C105226,Mainstream,South,2024-05-20
C105227,Mainstream,Midwest,2024-03-06
C105228,Mainstream,Midwest,2024-05-11
C105229,Value Shopper,Midwest,2024-11-28
C105230,Premium,West,2024-08-13
C105231,Mainstream,West,2024-01-17
C105232,Value Shopper,South,2023-12-20
C105233,Value Shopper,West,2024-05-15
C105234,Value Shopper,Midwest,2023-12-14
C105235,Value Shopper,Midwest,2023-12-16
C105236,Mainstream,South,2022-12-11
C105237,Occasional,South,2023-04-22
C105238,Value Shopper,Midwest,2024-01-10
C105239,Value Shopper,Midwest,2024-10-16
C105240,Mainstream,West,2023-07-19
C105241,Occasional,West,2024-02-07
C105242,Mainstream,Midwest,2023-09-13
C105243,Mainstream,South,2023-02-23
C105244,Mainstream,Northeast,2025-02-07
C105245,Value Shopper,Northeast,2024-11-12
C105246,Value Shopper,Midwest,2023-02-01
C105247,Premium,Midwest,2024-07-22
C105248,Mainstream,Northeast,2023-09-15
C105249,Mainstream,West,2025-03-09
C105250,Premium,Midwest,2023-08-08
C105251,Premium,South,2023-06-16
C105252,Value Shopper,Northeast,2024-03-16
C105253,Mainstream,Northeast,2024-10-26
C105254,Value Shopper,West,2023-05-08
C105255,Value Shopper,South,2024-07-13
C105256,Premium,West,2023-01-18
C105257,Occasional,West,2025-01-05
C105258,Occasional,Midwest,2023-02-03
C105259,Mainstream,Midwest,2025-01-01
C105260,Value Shopper,West,2024-01-12
C105261,Value Shopper,West,2023-12-08
C105262,Occasional,South,2025-02-19
C105263,Mainstream,South,2025-03-05
C105264,Mainstream,South,2024-05-24
C105265,Premium,Midwest,2023-03-14
C105266,Premium,South,2024-01-25
C105267,Occasional,West,2024-02-13
C105268,Value Shopper,South,2024-02-01
C105269,Premium,Northeast,2024-03-18
C105270,Occasional,Midwest,2022-12-13
C105271,Value Shopper,Northeast,2024-07-15
C105272,Mainstream,Northeast,2024-07-15
C105273,Mainstream,West,2023-03-04
C105274,Occasional,Northeast,2024-03-18
C105275,Value Shopper,Northeast,2024-03-17
C105276,Mainstream,Midwest,2024-06-20
C105277,Value Shopper,South,2023-02-07
C105278,Premium,South,2024-05-05
C105279,Value Shopper,Northeast,2023-07-21
C105280,Value Shopper,Northeast,2024-01-25
C105281,Mainstream,Northeast,2024-09-05
C105282,Occasional,South,2024-07-10
C105283,Value Shopper,Northeast,2023-03-07
C105284,Value Shopper,West,2024-04-05
C105285,Premium,Midwest,2025-02-16
C105286,Mainstream,Northeast,2023-04-08
C105287,Occasional,South,2024-11-10
C105288,Value Shopper,Midwest,2024-07-07
C105289,Mainstream,South,2024-09-05
C105290,Value Shopper,Northeast,2023-07-22
C105291,Value Shopper,South,2023-07-27
C105292,Premium,South,2024-12-25
C105293,Mainstream,West,2023-09-25
C105294,Premium,Northeast,2023-01-19
C105295,Mainstream,Midwest,2024-04-13
C105296,Mainstream,Midwest,2023-03-12
C105297,Mainstream,West,2024-09-24
C105298,Occasional,West,2024-05-17
C105299,Value Shopper,Northeast,2024-11-29
C105300,Value Shopper,Northeast,2024-09-14
C105301,Mainstream,Midwest,2023-03-01
C105302,Mainstream,Northeast,2023-10-13
C105303,Value Shopper,Midwest,2024-09-06
C105304,Occasional,Northeast,2023-11-12
C105305,Value Shopper,South,2025-02-18
C105306,Occasional,West,2024-08-04
C105307,Value Shopper,West,2022-12-10
C105308,Premium,Midwest,2024-12-03
C105309,Occasional,South,2023-02-20
C105310,Value Shopper,West,2023-03-25
C105311,Occasional,Northeast,2024-08-03
C105312,Mainstream,South,2024-11-20
C105313,Occasional,Midwest,2024-02-19
C105314,Premium,Northeast,2023-07-28
C105315,Mainstream,Midwest,2023-09-18
C105316,Value Shopper,Northeast,2023-09-11
C105317,Mainstream,South,2023-08-28
C105318,Value Shopper,Northeast,2023-06-19
C105319,Value Shopper,Midwest,2024-04-20
C105320,Value Shopper,Northeast,2024-12-20
C105321,Mainstream,West,2023-08-12
C105322,Premium,Midwest,2023-05-03
C105323,Value Shopper,South,2024-10-29
C105324,Value Shopper,South,2024-08-09
C105325,Mainstream,Midwest,2025-01-15
C105326,Value Shopper,Northeast,2023-04-15
C105327,Value Shopper,South,2023-03-28
C105328,Value Shopper,Northeast,2024-02-23
C105329,Occasional,Northeast,2024-04-24
C105330,Occasional,South,2024-01-03
C105331,Mainstream,Northeast,2024-04-11
C105332,Premium,Midwest,2023-04-28
C105333,Mainstream,Midwest,2024-01-02
C105334,Premium,Midwest,2024-05-31
C105335,Premium,South,2023-11-25
C105336,Mainstream,South,2024-06-18
C105337,Value Shopper,South,2023-12-11
C105338,Value Shopper,South,2023-09-03
C105339,Mainstream,Midwest,2023-08-09
C105340,Occasional,Midwest,2023-11-07
C105341,Mainstream,Midwest,2022-12-17
C105342,Occasional,Midwest,2024-06-09
C105343,Occasional,West,2024-11-04
C105344,Value Shopper,West,2023-09-21
C105345,Premium,Northeast,2023-01-05
C105346,Premium,Northeast,2025-03-02
C105347,Occasional,Northeast,2023-07-06
C105348,Occasional,Northeast,2023-03-14
C105349,Premium,Northeast,2023-10-03
C105350,Value Shopper,South,2024-08-06
C105351,Premium,West,2023-08-01
C105352,Value Shopper,South,2024-03-22
C105353,Premium,Northeast,2023-11-11
C105354,Occasional,Midwest,2023-03-06
C105355,Mainstream,South,2023-08-31
C105356,Mainstream,West,2024-07-26
C105357,Mainstream,West,2024-04-22
C105358,Mainstream,West,2023-03-08
C105359,Mainstream,South,2023-04-13
C105360,Premium,South,2024-05-16
C105361,Occasional,Northeast,2024-10-08
C105362,Occasional,South,2023-09-16
C105363,Value Shopper,Northeast,2024-04-08
C105364,Occasional,Midwest,2023-04-19
C105365,Premium,South,2023-08-15
C105366,Value Shopper,Northeast,2022-12-14
C105367,Value Shopper,Northeast,2024-08-31
C105368,Value Shopper,Northeast,2023-10-30
C105369,Occasional,Northeast,2024-10-10
C105370,Mainstream,Northeast,2024-07-12
C105371,Premium,Northeast,2024-10-21
C105372,Value Shopper,Northeast,2023-07-25
C105373,Premium,Northeast,2023-05-02
C105374,Value Shopper,West,2025-02-18
C105375,Mainstream,Midwest,2024-07-20
C105376,Mainstream,Northeast,2024-10-25
C105377,Value Shopper,South,2022-12-09
C105378,Occasional,West,2023-09-21
C105379,Value Shopper,South,2024-08-10
C105380,Premium,Midwest,2023-02-01
C105381,Mainstream,South,2024-03-16
C105382,Mainstream,South,2023-11-22
C105383,Value Shopper,South,2022-12-12
C105384,Value Shopper,South,2023-06-13
C105385,Occasional,West,2023-07-24
C105386,Value Shopper,West,2023-03-01
C105387,Occasional,South,2024-05-09
C105388,Occasional,Midwest,2023-06-19
C105389,Value Shopper,South,2023-07-18
C105390,Value Shopper,West,2024-12-18
C105391,Premium,Northeast,2023-12-24
C105392,Occasional,West,2023-10-22
C105393,Occasional,Northeast,2024-07-25
C105394,Mainstream,Midwest,2024-12-28
C105395,Premium,West,2022-12-18
C105396,Value Shopper,Northeast,2023-12-08
C105397,Occasional,Midwest,2024-04-21
C105398,Occasional,Northeast,2023-08-21
C105399,Value Shopper,Midwest,2024-09-04
C105400,Value Shopper,Northeast,2025-02-18
C105401,Value Shopper,Midwest,2025-01-25
C105402,Value Shopper,Midwest,2023-07-08
C105403,Occasional,West,2023-06-05
C105404,Mainstream,West,2025-02-06
C105405,Value Shopper,Northeast,2023-12-17
C105406,Mainstream,South,2023-05-21
C105407,Occasional,Northeast,2024-07-11
C105408,Mainstream,Northeast,2023-07-24
C105409,Mainstream,Northeast,2023-07-09
C105410,Value Shopper,West,2024-12-02
C105411,Occasional,West,2023-04-13
C105412,Occasional,Northeast,2023-01-20
C105413,Value Shopper,Northeast,2023-07-11
C105414,Value Shopper,Northeast,2024-04-18
C105415,Value Shopper,South,2023-03-11
C105416,Value Shopper,South,2023-12-28
C105417,Mainstream,Northeast,2024-05-05
C105418,Occasional,South,2024-11-07
C105419,Mainstream,Midwest,2023-06-08
C105420,Occasional,West,2024-10-11
C105421,Mainstream,South,2023-06-12
C105422,Premium,Midwest,2024-06-16
C105423,Premium,South,2023-11-23
C105424,Value Shopper,West,2023-03-04
C105425,Mainstream,Midwest,2024-07-17
C105426,Mainstream,Midwest,2023-05-29
C105427,Value Shopper,West,2023-04-25
C105428,Mainstream,Northeast,2023-09-24
C105429,Mainstream,Northeast,2024-05-27
C105430,Occasional,Midwest,2023-06-12
C105431,Mainstream,West,2023-04-30
C105432,Occasional,South,2022-12-06
C105433,Mainstream,West,2023-12-28
C105434,Premium,South,2023-11-22
C105435,Mainstream,Northeast,2023-06-11
C105436,Occasional,South,2023-01-11
C105437,Mainstream,South,2023-11-22
C105438,Mainstream,Northeast,2024-09-17
C105439,Mainstream,Northeast,2024-07-18
C105440,Mainstream,Northeast,2024-11-17
C105441,Value Shopper,South,2022-12-06
C105442,Value Shopper,West,2025-02-13
C105443,Value Shopper,South,2023-09-10
C105444,Occasional,West,2025-03-05
C105445,Value Shopper,Northeast,2023-06-27
C105446,Value Shopper,West,2023-12-28
C105447,Premium,West,2023-09-20
C105448,Mainstream,Midwest,2023-09-22
C105449,Mainstream,West,2024-11-01
C105450,Value Shopper,Midwest,2024-08-13
C105451,Occasional,West,2025-03-07
C105452,Occasional,West,2024-04-24
C105453,Occasional,South,2023-12-21
C105454,Mainstream,South,2023-02-11
C105455,Premium,Northeast,2025-03-11
C105456,Value Shopper,South,2024-03-03
C105457,Value Shopper,Midwest,2024-07-06
C105458,Value Shopper,South,2023-11-03
C105459,Mainstream,South,2024-02-28
C105460,Mainstream,West,2025-01-24
C105461,Mainstream,Northeast,2023-04-16
C105462,Value Shopper,West,2023-07-31
C105463,Mainstream,West,2023-04-04
C105464,Premium,South,2024-09-20
C105465,Mainstream,Northeast,2023-01-18
C105466,Premium,Northeast,2023-02-04
C105467,Value Shopper,Northeast,2023-08-05
C105468,Occasional,South,2024-01-31
C105469,Mainstream,South,2023-11-03
C105470,Value Shopper,West,2023-01-04
C105471,Value Shopper,Midwest,2025-02-06
C105472,Mainstream,Midwest,2025-02-02
C105473,Occasional,South,2023-07-20
C105474,Mainstream,West,2024-08-01
C105475,Value Shopper,West,2024-03-25
C105476,Occasional,West,2023-06-15
C105477,Premium,Midwest,2023-07-05
C105478,Mainstream,South,2024-01-12
C105479,Mainstream,West,2023-11-14
C105480,Value Shopper,Midwest,2023-07-30
C105481,Mainstream,Northeast,2024-10-03
C105482,Mainstream,Northeast,2024-01-04
C105483,Occasional,Northeast,2024-05-28
C105484,Mainstream,South,2023-05-05
C105485,Mainstream,Northeast,2024-02-17
C105486,Mainstream,Northeast,2023-08-21
C105487,Occasional,Midwest,2024-02-11
C105488,Occasional,South,2024-09-11
C105489,Mainstream,Midwest,2024-09-01
C105490,Premium,South,2023-09-20
C105491,Mainstream,Northeast,2024-06-30
C105492,Mainstream,Northeast,2025-01-23
C105493,Value Shopper,Midwest,2024-05-04
C105494,Mainstream,Midwest,2023-04-01
C105495,Value Shopper,Midwest,2024-06-18
C105496,Occasional,Northeast,2023-02-23
C105497,Mainstream,West,2024-11-26
C105498,Occasional,South,2024-02-02
C105499,Mainstream,Northeast,2023-10-16
C105500,Mainstream,Northeast,2023-01-14
C105501,Mainstream,West,2023-10-13
C105502,Value Shopper,South,2024-12-22
C105503,Mainstream,Midwest,2022-12-15
C105504,Value Shopper,South,2023-12-30
C105505,Mainstream,South,2025-01-15
C105506,Mainstream,South,2023-10-24
C105507,Premium,Midwest,2023-11-21
C105508,Value Shopper,Midwest,2024-03-25
C105509,Value Shopper,Northeast,2023-12-20
C105510,Mainstream,West,2023-04-18
C105511,Occasional,South,2022-12-13
C105512,Premium,Northeast,2024-04-21
C105513,Mainstream,West,2025-01-06
C105514,Mainstream,West,2023-02-25
C105515,Value Shopper,West,2023-05-23
C105516,Occasional,West,2023-10-04
C105517,Premium,West,2024-10-04
C105518,Value Shopper,Northeast,2023-07-11
C105519,Mainstream,West,2024-12-05
C105520,Value Shopper,West,2023-01-13
C105521,Occasional,Northeast,2025-01-23
C105522,Value Shopper,Northeast,2024-03-10
C105523,Mainstream,West,2024-06-01
C105524,Value Shopper,Midwest,2023-10-02
C105525,Premium,West,2024-09-12
C105526,Premium,Northeast,2023-04-16
C105527,Premium,Northeast,2023-01-07
C105528,Mainstream,Midwest,2023-10-25
C105529,Occasional,Northeast,2024-11-11
C105530,Value Shopper,South,2024-08-20
C105531,Mainstream,South,2024-02-03
C105532,Value Shopper,Northeast,2024-03-20
C105533,Occasional,Northeast,2023-03-16
C105534,Mainstream,Midwest,2024-10-31
C105535,Premium,Northeast,2024-09-16
C105536,Premium,South,2024-05-30
C105537,Value Shopper,Midwest,2023-12-23
C105538,Value Shopper,Northeast,2025-02-12
C105539,Value Shopper,Midwest,2024-12-02
C105540,Mainstream,Northeast,2024-05-20
C105541,Value Shopper,Northeast,2023-10-05
C105542,Value Shopper,Northeast,2024-04-27
C105543,Occasional,West,2024-03-23
C105544,Occasional,West,2023-10-24
C105545,Mainstream,West,2023-08-11
C105546,Mainstream,Midwest,2023-11-04
C105547,Value Shopper,Northeast,2024-03-21
C105548,Premium,South,2023-11-21
C105549,Occasional,South,2023-07-06
C105550,Value Shopper,West,2024-08-25
C105551,Value Shopper,Northeast,2024-02-15
C105552,Premium,Northeast,2023-01-23
C105553,Mainstream,South,2023-10-02
C105554,Value Shopper,West,2024-12-07
C105555,Mainstream,West,2024-08-20
C105556,Mainstream,South,2023-08-25
C105557,Mainstream,West,2025-01-21
C105558,Premium,South,2023-01-31
C105559,Occasional,West,2025-02-09
C105560,Mainstream,West,2023-06-21
C105561,Occasional,West,2022-12-05
C105562,Mainstream,Midwest,2023-11-26
C105563,Premium,Northeast,2023-09-24
C105564,Mainstream,South,2024-02-21
C105565,Occasional,Midwest,2024-09-24
C105566,Occasional,West,2024-11-01
C105567,Value Shopper,Northeast,2023-10-30
C105568,Occasional,Northeast,2023-11-23
C105569,Occasional,South,2023-04-01
C105570,Premium,Northeast,2023-01-06
C105571,Value Shopper,Midwest,2024-05-17
C105572,Occasional,Midwest,2023-01-20
C105573,Occasional,South,2024-08-02
C105574,Value Shopper,Northeast,2024-02-21
C105575,Occasional,West,2023-05-13
C105576,Value Shopper,Midwest,2024-02-22
C105577,Value Shopper,West,2023-04-30
C105578,Mainstream,Midwest,2023-11-30
C105579,Mainstream,Northeast,2024-09-27
C105580,Mainstream,Northeast,2023-12-20
C105581,Value Shopper,Northeast,2023-04-01
C105582,Occasional,South,2024-07-25
C105583,Value Shopper,Northeast,2023-05-03
C105584,Value Shopper,Midwest,2024-08-06
C105585,Value Shopper,South,2024-01-02
C105586,Mainstream,Northeast,2023-12-13
C105587,Occasional,Northeast,2024-11-09
C105588,Premium,South,2024-07-12
C105589,Occasional,West,2022-12-25
C105590,Value Shopper,Northeast,2023-08-03
C105591,Mainstream,Northeast,2024-11-25
C105592,Mainstream,West,2022-12-13
C105593,Mainstream,Northeast,2024-02-26
C105594,Value Shopper,West,2024-07-28
C105595,Premium,Northeast,2024-05-01
C105596,Mainstream,West,2024-08-25
C105597,Premium,Midwest,2024-07-27
C105598,Mainstream,West,2024-06-28
C105599,Value Shopper,Midwest,2024-10-15
C105600,Mainstream,South,2024-05-21
C105601,Value Shopper,Northeast,2023-10-31
C105602,Occasional,Northeast,2023-12-28
C105603,Mainstream,South,2024-07-19
C105604,Value Shopper,South,2024-11-30
C105605,Occasional,West,2023-07-14
C105606,Mainstream,Midwest,2023-09-10
C105607,Value Shopper,West,2025-01-14
C105608,Mainstream,Midwest,2024-03-25
C105609,Value Shopper,West,2023-04-26
C105610,Occasional,West,2024-06-05
C105611,Occasional,Midwest,2025-03-06
C105612,Occasional,West,2024-10-17
C105613,Mainstream,West,2024-08-12
C105614,Mainstream,Northeast,2023-05-21
C105615,Premium,South,2024-11-30
C105616,Value Shopper,Northeast,2024-02-10
C105617,Mainstream,West,2024-12-11
C105618,Mainstream,Northeast,2023-08-31
C105619,Value Shopper,Northeast,2023-01-18
C105620,Mainstream,Midwest,2023-12-31
C105621,Occasional,South,2023-07-12
C105622,Occasional,West,2024-07-18
C105623,Value Shopper,West,2025-02-06
C105624,Value Shopper,Midwest,2024-06-28
C105625,Value Shopper,Northeast,2024-12-09
C105626,Occasional,South,2023-12-12
C105627,Value Shopper,South,2024-09-03
C105628,Premium,Midwest,2024-11-02
C105629,Value Shopper,Midwest,2024-07-14
C105630,Mainstream,South,2024-01-26
C105631,Mainstream,Midwest,2024-05-04
C105632,Premium,South,2024-07-06
C105633,Value Shopper,South,2023-06-28
C105634,Mainstream,West,2024-10-05
C105635,Value Shopper,South,2025-01-31
C105636,Premium,Northeast,2023-12-22
C105637,Occasional,West,2024-07-06
C105638,Value Shopper,South,2024-08-05
C105639,Occasional,Northeast,2024-06-03
C105640,Mainstream,South,2024-02-28
C105641,Value Shopper,Midwest,2024-12-04
C105642,Mainstream,West,2023-12-09
C105643,Value Shopper,Midwest,2023-01-18
C105644,Premium,South,2024-11-03
C105645,Premium,Northeast,2024-06-13
C105646,Value Shopper,Midwest,2024-11-07
C105647,Mainstream,West,2023-03-24
C105648,Occasional,West,2022-12-23
C105649,Occasional,Northeast,2025-01-18
C105650,Mainstream,Northeast,2023-03-31
C105651,Occasional,Midwest,2024-10-05
C105652,Mainstream,South,2024-10-16
C105653,Mainstream,South,2024-07-12
C105654,Occasional,South,2023-03-17
C105655,Mainstream,South,2024-06-08
C105656,Mainstream,West,2024-12-11
C105657,Mainstream,Midwest,2023-11-19
C105658,Occasional,Northeast,2023-11-09
C105659,Occasional,South,2023-12-04
C105660,Mainstream,West,2023-02-04
C105661,Mainstream,South,2024-12-13
C105662,Mainstream,South,2024-11-24
C105663,Mainstream,South,2025-03-12
C105664,Value Shopper,West,2024-03-31
C105665,Premium,Midwest,2024-08-17
C105666,Mainstream,Midwest,2023-05-16
C105667,Mainstream,West,2024-06-08
C105668,Value Shopper,West,2024-05-24
C105669,Value Shopper,Midwest,2024-12-21
C105670,Occasional,Midwest,2024-10-23
C105671,Mainstream,Midwest,2025-01-21
C105672,Value Shopper,Northeast,2024-11-24
C105673,Mainstream,West,2024-11-23
C105674,Mainstream,Midwest,2023-01-20
C105675,Value Shopper,West,2024-11-04
C105676,Mainstream,Northeast,2024-04-19
C105677,Mainstream,South,2023-10-12
C105678,Mainstream,Northeast,2023-01-14
C105679,Mainstream,South,2024-06-16
C105680,Mainstream,South,2023-08-30
C105681,Occasional,South,2023-12-24
C105682,Mainstream,Northeast,2024-06-20
C105683,Value Shopper,Northeast,2024-12-30
C105684,Value Shopper,Northeast,2024-10-18
C105685,Mainstream,Midwest,2023-12-10
C105686,Premium,South,2023-10-18
C105687,Value Shopper,South,2023-06-16
C105688,Premium,South,2023-10-06
C105689,Value Shopper,South,2023-03-01
C105690,Mainstream,Northeast,2025-02-17
C105691,Premium,Northeast,2024-03-21
C105692,Mainstream,Northeast,2023-03-15
C105693,Mainstream,West,2023-09-19
C105694,Value Shopper,South,2024-02-28
C105695,Premium,Northeast,2024-02-16
C105696,Value Shopper,Northeast,2022-12-27
C105697,Occasional,West,2025-01-31
C105698,Value Shopper,South,2023-07-16
C105699,Occasional,South,2022-12-11
C105700,Mainstream,Midwest,2023-01-31
C105701,Premium,Northeast,2024-03-27
C105702,Mainstream,West,2023-03-23
C105703,Occasional,South,2023-01-01
C105704,Value Shopper,Midwest,2023-10-12
C105705,Value Shopper,West,2024-05-01
C105706,Mainstream,South,2023-03-01
C105707,Value Shopper,Midwest,2023-08-17
C105708,Value Shopper,Midwest,2023-11-13
C105709,Occasional,Northeast,2023-04-10
C105710,Occasional,Northeast,2024-01-25
C105711,Mainstream,South,2023-02-07
C105712,Occasional,Northeast,2023-01-05
C105713,Mainstream,West,2024-02-05
C105714,Value Shopper,West,2023-06-23
C105715,Premium,Northeast,2023-02-15
C105716,Premium,Midwest,2023-11-18
C105717,Occasional,West,2025-01-01
C105718,Value Shopper,South,2024-07-25
C105719,Premium,South,2024-10-10
C105720,Value Shopper,Midwest,2024-11-26
C105721,Value Shopper,Midwest,2025-02-19
C105722,Value Shopper,South,2024-08-27
C105723,Occasional,West,2024-04-19
C105724,Occasional,Midwest,2023-09-30
C105725,Premium,West,2023-04-29
C105726,Mainstream,Northeast,2024-06-24
C105727,Mainstream,West,2025-03-09
C105728,Value Shopper,South,2023-12-24
C105729,Value Shopper,Midwest,2024-07-25
C105730,Mainstream,South,2024-01-15
C105731,Premium,Northeast,2023-11-24
C105732,Mainstream,Northeast,2023-11-06
C105733,Value Shopper,Northeast,2024-01-23
C105734,Value Shopper,Northeast,2023-10-01
C105735,Value Shopper,Midwest,2024-08-15
C105736,Mainstream,South,2024-11-28
C105737,Occasional,South,2024-12-05
C105738,Mainstream,Northeast,2023-06-06
C105739,Occasional,West,2024-12-16
C105740,Mainstream,South,2023-09-10
C105741,Mainstream,West,2023-08-14
C105742,Value Shopper,South,2024-07-28
C105743,Occasional,Northeast,2023-08-10
C105744,Premium,Midwest,2023-01-11
C105745,Value Shopper,South,2023-10-07
C105746,Mainstream,Northeast,2024-07-23
C105747,Mainstream,Northeast,2023-08-28
C105748,Mainstream,Northeast,2024-05-07
C105749,Occasional,Northeast,2024-06-02
C105750,Mainstream,Midwest,2024-08-02
C105751,Mainstream,Midwest,2024-12-17
C105752,Value Shopper,Northeast,2023-11-25
C105753,Value Shopper,South,2023-04-16
C105754,Value Shopper,South,2023-08-22
C105755,Value Shopper,Midwest,2023-11-25
C105756,Premium,Northeast,2024-07-17
C105757,Premium,Northeast,2022-12-08
C105758,Value Shopper,Midwest,2023-08-19
C105759,Occasional,Northeast,2024-09-10
C105760,Value Shopper,Midwest,2024-06-11
C105761,Mainstream,South,2024-08-01
C105762,Value Shopper,South,2024-10-07
C105763,Mainstream,Northeast,2024-09-13
C105764,Value Shopper,Midwest,2024-06-20
C105765,Mainstream,South,2023-12-01
C105766,Mainstream,West,2025-02-28
C105767,Occasional,South,2024-03-17
C105768,Value Shopper,South,2023-05-16
C105769,Value Shopper,Midwest,2023-07-31
C105770,Value Shopper,Midwest,2024-06-30
C105771,Mainstream,West,2025-01-09
C105772,Value Shopper,Northeast,2023-04-26
C105773,Occasional,West,2023-02-05
C105774,Mainstream,South,2024-12-04
C105775,Mainstream,South,2025-01-02
C105776,Mainstream,Northeast,2023-07-17
C105777,Value Shopper,South,2023-10-10
C105778,Value Shopper,Midwest,2024-06-02
C105779,Mainstream,Northeast,2023-08-31
C105780,Mainstream,Northeast,2024-12-01
C105781,Value Shopper,West,2023-02-26
C105782,Value Shopper,South,2022-12-29
C105783,Occasional,Midwest,2023-05-21
C105784,Value Shopper,Northeast,2023-07-25
C105785,Occasional,South,2023-03-02
C105786,Premium,South,2023-01-22
C105787,Value Shopper,South,2024-08-21
C105788,Value Shopper,South,2023-04-14
C105789,Value Shopper,Midwest,2024-12-31
C105790,Premium,South,2023-10-02
C105791,Mainstream,Northeast,2024-06-10
C105792,Premium,West,2023-06-04
C105793,Occasional,South,2023-06-17
C105794,Premium,Midwest,2024-03-22
C105795,Value Shopper,Midwest,2024-03-10
C105796,Value Shopper,West,2024-09-01
C105797,Occasional,Northeast,2024-08-23
C105798,Value Shopper,Midwest,2024-06-11
C105799,Value Shopper,South,2023-12-09
C105800,Premium,Midwest,2024-12-12
C105801,Mainstream,South,2024-05-01
C105802,Occasional,Northeast,2025-03-05
C105803,Premium,South,2024-10-13
C105804,Value Shopper,Northeast,2023-01-04
C105805,Occasional,Northeast,2023-08-23
C105806,Value Shopper,West,2024-03-20
C105807,Mainstream,South,2024-07-23
C105808,Mainstream,Midwest,2024-03-02
C105809,Value Shopper,Northeast,2024-09-15
C105810,Mainstream,South,2023-07-22
C105811,Value Shopper,South,2023-05-01
C105812,Mainstream,West,2023-01-12
C105813,Mainstream,West,2024-03-21
C105814,Premium,South,2024-06-26
C105815,Occasional,Midwest,2023-08-28
C105816,Value Shopper,Midwest,2024-04-24
C105817,Mainstream,South,2023-01-10
C105818,Mainstream,Northeast,2023-02-19
C105819,Value Shopper,Midwest,2024-07-07
C105820,Premium,Northeast,2023-10-02
C105821,Premium,Northeast,2024-06-11
C105822,Value Shopper,Northeast,2024-10-23
C105823,Mainstream,Midwest,2024-11-10
C105824,Value Shopper,South,2023-04-21
C105825,Mainstream,Midwest,2024-01-08
C105826,Value Shopper,Midwest,2024-08-03
C105827,Occasional,Northeast,2024-09-05
C105828,Premium,South,2024-09-14
C105829,Mainstream,Northeast,2023-06-07
C105830,Mainstream,South,2023-05-08
C105831,Occasional,West,2024-04-04
C105832,Mainstream,Northeast,2024-08-09
C105833,Value Shopper,Northeast,2023-08-22
C105834,Mainstream,Midwest,2023-02-23
C105835,Occasional,West,2024-07-19
C105836,Mainstream,South,2023-08-06
C105837,Premium,West,2023-04-16
C105838,Occasional,Midwest,2023-03-31
C105839,Occasional,West,2023-08-18
C105840,Occasional,Northeast,2024-04-06
C105841,Value Shopper,Northeast,2023-09-24
C105842,Mainstream,West,2022-12-15
C105843,Premium,West,2023-02-17
C105844,Premium,Northeast,2023-07-29
C105845,Mainstream,Northeast,2024-06-01
C105846,Value Shopper,Northeast,2023-02-18
C105847,Premium,Northeast,2024-03-10
C105848,Premium,Northeast,2023-03-08
C105849,Value Shopper,West,2023-05-24
C105850,Mainstream,South,2023-04-21
C105851,Value Shopper,South,2023-01-23
C105852,Mainstream,South,2024-06-11
C105853,Value Shopper,South,2023-12-21
C105854,Mainstream,South,2024-10-23
C105855,Mainstream,South,2023-02-18
C105856,Mainstream,Midwest,2023-03-29
C105857,Premium,South,2023-08-11
C105858,Occasional,South,2024-08-29
C105859,Value Shopper,West,2023-08-11
C105860,Value Shopper,West,2023-11-05
C105861,Occasional,Midwest,2023-08-07
C105862,Value Shopper,South,2023-02-03
C105863,Occasional,Northeast,2025-01-22
C105864,Occasional,South,2024-02-29
C105865,Mainstream,Midwest,2024-09-17
C105866,Occasional,Northeast,2024-05-31
C105867,Value Shopper,Midwest,2024-01-31
C105868,Mainstream,South,2023-02-11
C105869,Mainstream,Northeast,2024-05-18
C105870,Mainstream,West,2023-04-07
C105871,Occasional,Northeast,2023-11-10
C105872,Value Shopper,West,2024-05-07
C105873,Mainstream,South,2024-09-12
C105874,Mainstream,Midwest,2024-06-23
C105875,Premium,Midwest,2024-06-11
C105876,Value Shopper,South,2023-04-01
C105877,Mainstream,South,2023-09-14
C105878,Occasional,South,2023-01-02
C105879,Value Shopper,Midwest,2024-07-21
C105880,Occasional,Midwest,2025-02-02
C105881,Mainstream,West,2023-07-07
C105882,Premium,Northeast,2023-02-09
C105883,Premium,Midwest,2023-12-31
C105884,Value Shopper,Midwest,2024-11-13
C105885,Mainstream,South,2024-03-03
C105886,Occasional,South,2023-01-06
C105887,Mainstream,Midwest,2025-02-20
C105888,Occasional,Northeast,2024-10-21
C105889,Mainstream,Northeast,2023-03-18
C105890,Value Shopper,Midwest,2025-01-07
C105891,Mainstream,Midwest,2023-12-10
C105892,Occasional,West,2023-10-05
C105893,Mainstream,Midwest,2023-12-19
C105894,Occasional,Northeast,2024-10-26
C105895,Occasional,West,2024-06-01
C105896,Mainstream,Midwest,2023-01-16
C105897,Value Shopper,South,2025-02-06
C105898,Premium,Northeast,2023-03-31
C105899,Mainstream,Midwest,2024-08-12
C105900,Premium,West,2024-05-13
C105901,Mainstream,South,2023-05-04
C105902,Mainstream,Midwest,2023-04-20
C105903,Premium,South,2024-11-25
C105904,Mainstream,West,2023-11-14
C105905,Mainstream,Northeast,2024-05-28
C105906,Mainstream,South,2024-01-23
C105907,Mainstream,West,2024-07-28
C105908,Mainstream,Northeast,2024-01-02
C105909,Occasional,South,2023-07-26
C105910,Mainstream,South,2023-09-28
C105911,Mainstream,South,2024-11-15
C105912,Premium,Midwest,2023-12-25
C105913,Value Shopper,Midwest,2023-05-25
C105914,Value Shopper,South,2025-01-18
C105915,Occasional,Northeast,2024-09-24
C105916,Premium,Midwest,2023-01-13
C105917,Mainstream,Northeast,2025-03-13
C105918,Mainstream,Northeast,2024-07-01
C105919,Value Shopper,West,2023-04-11
C105920,Mainstream,Midwest,2023-06-14
C105921,Mainstream,West,2024-06-29
C105922,Mainstream,Northeast,2024-09-10
C105923,Mainstream,South,2023-06-16
C105924,Value Shopper,Northeast,2023-07-01
C105925,Value Shopper,South,2023-08-12
C105926,Occasional,South,2024-04-11
C105927,Mainstream,Northeast,2023-04-20
C105928,Mainstream,West,2023-02-23
C105929,Value Shopper,Northeast,2024-06-17
C105930,Value Shopper,South,2024-09-09
C105931,Premium,West,2024-01-20
C105932,Mainstream,West,2023-09-28
C105933,Mainstream,West,2023-11-25
C105934,Value Shopper,Midwest,2023-10-19
C105935,Premium,Northeast,2025-02-08
C105936,Value Shopper,Northeast,2024-08-31
C105937,Value Shopper,South,2023-05-21
C105938,Mainstream,South,2023-10-15
C105939,Value Shopper,Northeast,2024-02-25
C105940,Value Shopper,South,2024-04-23
C105941,Mainstream,Midwest,2023-12-25
C105942,Premium,Midwest,2024-10-05
C105943,Occasional,South,2024-08-31
C105944,Mainstream,Midwest,2024-01-24
C105945,Value Shopper,West,2024-11-12
C105946,Value Shopper,Northeast,2024-08-17
C105947,Occasional,South,2024-09-09
C105948,Mainstream,Northeast,2025-02-05
C105949,Premium,Northeast,2023-07-09
C105950,Value Shopper,South,2023-07-10
C105951,Mainstream,West,2024-12-10
C105952,Value Shopper,Northeast,2024-09-04
C105953,Mainstream,Midwest,2025-01-11
C105954,Occasional,South,2023-01-19
C105955,Occasional,Northeast,2024-05-06
C105956,Mainstream,West,2023-03-29
C105957,Mainstream,South,2024-01-23
C105958,Occasional,Northeast,2023-04-07
C105959,Premium,Midwest,2023-03-15
C105960,Value Shopper,South,2022-12-08
C105961,Mainstream,Midwest,2024-05-08
C105962,Value Shopper,South,2023-09-24
C105963,Mainstream,Northeast,2023-02-24
C105964,Mainstream,South,2023-08-25
C105965,Mainstream,Northeast,2023-04-18
C105966,Mainstream,West,2025-01-24
C105967,Value Shopper,Midwest,2023-08-23
C105968,Mainstream,Midwest,2023-09-03
C105969,Occasional,West,2024-10-30
C105970,Premium,Northeast,2024-05-22
C105971,Mainstream,Midwest,2024-07-14
C105972,Occasional,Midwest,2024-05-12
C105973,Occasional,Midwest,2025-01-27
C105974,Value Shopper,West,2023-05-20
C105975,Value Shopper,South,2025-03-04
C105976,Premium,Northeast,2024-10-23
C105977,Occasional,South,2024-04-03
C105978,Occasional,South,2024-06-04
C105979,Occasional,West,2024-05-23
C105980,Mainstream,Midwest,2023-01-15
C105981,Mainstream,South,2023-05-29
C105982,Value Shopper,South,2025-02-09
C105983,Value Shopper,Midwest,2024-02-17
C105984,Mainstream,Midwest,2023-10-11
C105985,Mainstream,Northeast,2024-08-26
C105986,Mainstream,South,2024-02-09
C105987,Premium,Midwest,2022-12-09
C105988,Value Shopper,West,2024-08-04
C105989,Mainstream,Northeast,2024-08-01
C105990,Value Shopper,South,2023-04-15
C105991,Mainstream,West,2025-02-05
C105992,Premium,South,2023-06-03
C105993,Premium,West,2023-12-16
C105994,Occasional,West,2023-03-04
C105995,Value Shopper,Midwest,2024-04-15
C105996,Mainstream,South,2023-10-08
C105997,Mainstream,Northeast,2023-09-19
C105998,Mainstream,South,2024-10-20
C105999,Occasional,Northeast,2022-12-06
